,Rk,Player,Pos,Age,Tm,G,GS,MP,FG,FGA,FG%,3P,3PA,3P%,2P,2PA,2P%,eFG%,FT,FTA,FT%,ORB,DRB,TRB,AST,STL,BLK,TOV,PF,PTS
0,1,Precious Achiuwa,C,23,TOR,12,0,20.4,3.0,7.7,.391,0.4,2.3,.179,2.6,5.3,.484,.418,2.3,2.8,.848,2.0,5.0,7.0,1.3,0.2,0.6,1.3,1.6,8.8
1,2,Steven Adams,C,29,MEM,14,14,26.1,2.9,4.8,.612,0.0,0.0,,2.9,4.8,.612,.612,0.6,2.2,.290,5.0,5.9,10.9,2.6,0.7,1.1,2.3,2.9,6.5
2,3,Bam Adebayo,C,25,MIA,14,14,35.0,7.4,14.0,.531,0.0,0.4,.000,7.4,13.6,.545,.531,4.2,4.9,.855,2.4,6.7,9.1,3.4,1.2,0.8,3.6,3.4,19.1
3,4,Ochai Agbaji,SG,22,UTA,6,0,11.2,1.3,3.2,.421,0.0,1.0,.000,1.3,2.2,.615,.421,0.7,1.2,.571,0.7,1.0,1.7,0.2,0.0,0.0,0.0,1.0,3.3
4,5,Santi Aldama,PF,22,MEM,15,14,27.5,3.7,8.0,.467,1.2,3.6,.333,2.5,4.4,.576,.542,1.0,1.6,.625,1.8,4.5,6.3,0.9,0.9,1.1,0.7,2.8,9.7
5,6,Nickeil Alexander-Walker,SG,24,UTA,9,0,7.8,1.0,3.0,.333,0.4,1.4,.308,0.6,1.6,.357,.407,0.4,0.6,.800,0.0,0.7,0.7,1.1,0.6,0.3,0.6,1.2,2.9
6,7,Grayson Allen,SG,27,MIL,12,11,25.4,2.9,7.1,.412,1.9,4.5,.426,1.0,2.6,.387,.547,2.3,2.5,.933,0.8,1.9,2.7,2.5,0.8,0.3,1.6,1.6,10.1
7,8,Jarrett Allen,C,24,CLE,12,12,32.5,5.8,10.3,.556,0.0,0.2,.000,5.8,10.2,.566,.556,2.5,3.3,.769,3.5,8.0,11.5,1.2,0.4,1.3,1.4,2.3,14.0
8,9,Jose Alvarado,PG,24,NOP,14,2,19.0,3.1,6.6,.467,1.4,3.5,.408,1.6,3.1,.535,.576,0.4,0.6,.667,0.4,1.7,2.1,3.0,0.9,0.2,1.3,2.1,8.0
9,10,Kyle Anderson,PF,29,MIN,10,2,19.3,2.2,4.0,.550,0.6,1.3,.462,1.6,2.7,.593,.625,1.1,1.3,.846,0.4,2.5,2.9,2.9,0.8,0.5,0.8,1.2,6.1
10,11,Giannis Antetokounmpo,PF,28,MIL,10,10,32.6,11.1,21.1,.526,0.8,3.3,.242,10.3,17.8,.579,.545,8.3,12.9,.643,1.8,10.0,11.8,5.2,1.1,1.3,3.8,3.2,31.3
11,12,Thanasis Antetokounmpo,SF,30,MIL,7,0,2.7,0.0,0.1,.000,0.0,0.0,,0.0,0.1,.000,.000,0.0,0.0,,0.1,0.6,0.7,0.1,0.0,0.1,0.1,0.3,0.0
12,13,Cole Anthony,PG,22,ORL,4,3,30.5,5.5,13.3,.415,1.8,5.0,.350,3.8,8.3,.455,.481,2.8,3.8,.733,0.8,4.0,4.8,4.3,0.8,0.8,2.0,3.5,15.5
13,14,OG Anunoby,SF,25,TOR,15,15,35.5,6.4,13.9,.459,1.8,5.0,.360,4.6,8.9,.515,.524,2.7,3.3,.820,1.4,4.7,6.1,1.9,2.7,1.0,2.3,3.3,17.3
14,15,Ryan Arcidiacono,PG,28,NYK,3,0,2.0,0.0,0.3,.000,0.0,0.3,.000,0.0,0.0,,.000,0.0,0.0,,0.0,0.7,0.7,0.3,0.3,0.0,0.0,0.3,0.0
15,16,Deni Avdija,SF,22,WAS,14,11,22.5,2.4,6.3,.386,0.8,2.6,.306,1.6,3.7,.442,.449,1.2,1.6,.773,0.6,3.7,4.4,1.9,0.6,0.6,1.2,2.9,6.9
16,17,Deandre Ayton,C,24,PHO,11,11,27.3,6.5,11.4,.576,0.3,0.7,.375,6.3,10.6,.590,.588,1.3,1.7,.737,2.7,5.0,7.7,1.5,0.6,0.5,2.2,3.4,14.6
17,18,Udoka Azubuike,C,23,UTA,5,0,4.0,1.0,1.2,.833,0.0,0.0,,1.0,1.2,.833,.833,0.0,0.0,,0.4,1.4,1.8,0.2,0.4,0.4,0.4,0.2,2.0
18,19,Marvin Bagley III,PF,23,DET,2,1,23.0,4.0,8.0,.500,0.5,1.5,.333,3.5,6.5,.538,.531,1.5,1.5,1.000,2.5,2.0,4.5,0.5,0.5,1.0,1.0,1.5,10.0
19,20,Patrick Baldwin Jr.,SF,20,GSW,2,0,2.5,0.0,0.5,.000,0.0,0.5,.000,0.0,0.0,,.000,0.0,0.0,,0.0,0.0,0.0,0.0,0.0,0.0,0.0,0.0,0.0
21,21,LaMelo Ball,PG,21,CHO,2,2,31.0,6.0,18.0,.333,2.5,12.0,.208,3.5,6.0,.583,.403,1.5,1.5,1.000,0.0,5.0,5.0,7.5,0.5,0.5,3.5,3.5,16.0
22,22,Mo Bamba,C,24,ORL,13,0,15.2,2.7,5.3,.507,0.7,2.2,.310,2.0,3.1,.650,.572,0.8,1.2,.625,1.2,3.0,4.2,1.0,0.2,0.7,0.8,1.9,6.8
23,23,Paolo Banchero,PF,20,ORL,11,11,34.6,8.1,17.5,.461,1.0,3.9,.256,7.1,13.6,.520,.490,6.4,8.3,.769,0.8,7.5,8.3,3.6,0.7,0.9,3.0,2.4,23.5
24,24,Desmond Bane,SG,24,MEM,12,12,33.6,8.3,17.8,.465,3.8,8.5,.451,4.4,9.3,.477,.573,4.3,4.8,.912,0.5,4.4,4.9,4.8,0.6,0.3,2.3,2.4,24.7
25,25,Dalano Banton,PG,23,TOR,14,1,10.5,2.4,5.1,.458,0.8,2.2,.355,1.6,2.9,.537,.535,1.0,1.1,.875,0.4,0.9,1.4,1.1,0.6,0.7,0.7,1.0,6.5
26,26,Dominick Barlow,SF,19,SAS,1,0,10.0,1.0,3.0,.333,0.0,2.0,.000,1.0,1.0,1.000,.333,0.0,0.0,,0.0,1.0,1.0,3.0,0.0,0.0,0.0,2.0,2.0
27,27,Harrison Barnes,PF,30,SAC,13,13,31.0,3.5,8.2,.430,0.8,3.4,.250,2.7,4.8,.556,.481,3.4,4.1,.830,1.2,4.2,5.3,2.2,0.8,0.2,1.0,1.5,11.3
28,28,Scottie Barnes,PF,21,TOR,14,14,32.1,5.4,12.6,.432,1.2,3.7,.327,4.2,8.9,.476,.480,1.3,1.8,.720,1.8,4.7,6.5,4.9,0.9,0.7,2.1,1.6,13.4
29,29,RJ Barrett,SG,22,NYK,14,14,34.2,6.7,16.1,.416,1.6,5.5,.286,5.1,10.6,.483,.465,3.9,5.2,.740,0.9,4.3,5.2,2.9,0.5,0.1,2.1,2.1,18.9
30,30,Will Barton,SG,32,WAS,14,0,23.9,3.4,8.7,.385,1.4,4.0,.339,2.0,4.7,.424,.463,1.0,1.1,.933,0.4,3.1,3.5,2.5,0.6,0.3,1.3,1.2,9.1
31,31,Charles Bassey,C,22,SAS,6,0,17.0,2.7,4.2,.640,0.3,0.8,.400,2.3,3.3,.700,.680,0.8,1.0,.833,2.7,4.7,7.3,1.8,0.5,1.8,1.7,3.2,6.5
32,32,Keita Bates-Diop,SF,27,SAS,14,3,14.5,2.9,5.6,.513,0.4,1.4,.316,2.4,4.2,.576,.551,1.1,1.4,.842,1.4,1.4,2.8,0.6,0.6,0.0,1.0,0.5,7.3
33,33,Nicolas Batum,PF,34,LAC,15,1,18.3,1.7,3.7,.464,1.2,2.8,.429,0.5,0.9,.571,.625,0.5,0.9,.615,0.8,3.3,4.1,1.3,0.5,0.9,0.9,2.5,5.2
34,34,Darius Bazley,PF,22,OKC,11,0,16.7,2.5,5.8,.422,0.6,1.6,.389,1.8,4.2,.435,.477,0.5,1.0,.455,1.6,3.1,4.7,1.5,0.8,1.3,0.5,1.5,6.0
35,35,Bradley Beal,SG,29,WAS,9,9,35.1,8.2,15.9,.517,1.4,4.4,.325,6.8,11.4,.592,.563,3.7,4.0,.917,0.7,2.9,3.6,5.7,0.9,0.8,2.7,2.0,21.6
36,36,Malik Beasley,SG,26,UTA,16,2,25.4,4.4,10.3,.427,2.8,6.8,.417,1.6,3.5,.446,.564,0.8,0.8,.923,0.7,2.8,3.5,1.1,0.9,0.2,0.8,1.1,12.3
37,37,MarJon Beauchamp,SF,22,MIL,10,4,18.1,2.8,6.5,.431,1.2,3.7,.324,1.6,2.8,.571,.523,0.7,1.0,.700,1.0,2.7,3.7,0.4,0.6,0.2,1.2,2.1,7.5
38,38,Patrick Beverley,PG,34,LAL,11,11,28.1,1.4,4.9,.278,0.7,3.1,.235,0.6,1.8,.350,.352,1.2,1.4,.867,0.8,2.9,3.7,3.0,1.1,0.5,0.9,3.2,4.6
39,39,Saddiq Bey,SF,23,DET,15,14,31.6,4.8,11.5,.416,1.7,5.5,.301,3.1,6.0,.522,.488,4.4,4.8,.917,1.1,3.5,4.7,1.5,0.9,0.2,1.4,1.7,15.7
40,40,Khem Birch,C,30,TOR,5,0,7.6,0.8,1.2,.667,0.2,0.2,1.000,0.6,1.0,.600,.750,0.4,0.4,1.000,0.6,0.4,1.0,0.4,0.6,0.2,0.4,2.0,2.2
42,41,Goga Bitadze,C,23,IND,8,0,13.1,1.8,3.4,.519,0.1,0.9,.143,1.6,2.5,.650,.537,0.9,1.8,.500,1.6,1.8,3.4,1.5,0.5,0.5,0.8,2.3,4.5
43,42,Bismack Biyombo,C,30,PHO,11,2,11.8,1.4,2.5,.556,0.0,0.0,,1.4,2.5,.556,.556,0.5,0.8,.667,0.7,2.5,3.3,0.5,0.2,1.7,0.6,1.8,3.3
44,43,Buddy Boeheim,PG,23,DET,1,0,1.0,0.0,0.0,,0.0,0.0,,0.0,0.0,,,0.0,0.0,,0.0,0.0,0.0,0.0,0.0,0.0,0.0,0.0,0.0
45,44,Bojan Bogdanovi?,PF,33,DET,15,15,31.2,6.5,13.1,.500,2.8,6.7,.416,3.7,6.3,.589,.607,4.3,4.9,.877,0.4,3.1,3.5,2.1,0.4,0.0,2.1,2.0,20.1
46,45,Bol Bol,PF,23,ORL,14,9,24.0,4.6,7.2,.634,0.9,1.8,.480,3.7,5.4,.684,.693,1.6,1.9,.852,1.4,6.1,7.6,0.6,0.1,1.9,2.1,1.6,11.6
47,46,Leandro Bolmaro,SG,22,UTA,3,0,7.0,0.7,2.3,.286,0.0,0.7,.000,0.7,1.7,.400,.286,0.0,0.0,,0.3,0.0,0.3,0.7,0.7,0.3,0.7,1.3,1.3
48,47,Devin Booker,SG,26,PHO,13,13,36.8,9.5,20.0,.477,2.3,6.2,.375,7.2,13.8,.522,.535,5.2,6.0,.859,1.0,3.8,4.8,5.5,1.2,0.5,2.7,2.5,26.5
49,48,Brandon Boston Jr.,SG,21,LAC,5,0,3.2,1.0,2.0,.500,0.4,0.6,.667,0.6,1.4,.429,.600,0.2,0.4,.500,0.2,0.2,0.4,0.0,0.0,0.0,0.0,0.2,2.6
50,49,Chris Boucher,PF,30,TOR,12,0,22.3,4.3,8.5,.510,1.2,3.3,.350,3.2,5.2,.613,.578,2.3,3.1,.730,2.2,3.3,5.4,0.7,0.9,1.0,1.1,3.0,12.1
51,50,James Bouknight,SG,22,CHO,15,0,18.0,2.2,6.5,.337,0.8,3.5,.231,1.4,3.1,.457,.398,0.7,1.1,.625,0.3,2.0,2.3,1.4,0.4,0.3,1.0,1.6,5.9
52,51,Tony Bradley,C,25,CHI,4,0,2.5,0.0,0.3,.000,0.0,0.3,.000,0.0,0.0,,.000,0.5,0.5,1.000,0.3,1.0,1.3,0.0,0.0,0.0,0.0,0.0,0.5
53,52,Malaki Branham,SF,19,SAS,4,2,19.5,2.0,7.0,.286,0.8,3.8,.200,1.3,3.3,.385,.339,1.3,1.5,.833,0.5,1.8,2.3,2.0,0.3,0.0,0.8,0.8,6.0
54,53,Christian Braun,SG,21,DEN,12,0,15.7,1.6,3.3,.475,0.5,1.3,.375,1.1,2.0,.542,.550,0.3,0.5,.667,0.6,1.6,2.2,1.2,0.5,0.2,0.4,0.9,4.0
55,54,Mikal Bridges,SF,26,PHO,13,13,36.8,6.0,10.9,.549,1.2,2.8,.432,4.8,8.1,.590,.606,2.4,2.7,.886,1.2,3.9,5.2,3.1,1.0,1.0,1.2,2.0,15.6
56,55,Oshae Brissett,SF,24,IND,7,0,9.4,0.7,2.4,.294,0.1,1.4,.100,0.6,1.0,.571,.324,0.4,0.6,.750,0.6,1.0,1.6,0.3,0.1,0.0,0.6,0.3,2.0
57,56,Malcolm Brogdon,PG,30,BOS,11,0,23.0,4.8,10.1,.477,1.3,3.5,.368,3.5,6.6,.534,.541,2.8,3.3,.861,0.9,2.9,3.8,3.5,0.5,0.2,2.0,1.3,13.7
58,57,Dillon Brooks,SG,27,MEM,12,12,29.8,6.0,15.1,.398,2.2,5.9,.366,3.8,9.2,.418,.470,1.7,2.3,.741,0.4,3.0,3.4,2.0,0.7,0.2,1.4,3.3,15.8
59,58,Bruce Brown,PG,26,DEN,13,3,27.7,3.9,8.7,.451,1.2,3.2,.390,2.7,5.5,.486,.522,0.9,1.2,.800,1.2,2.7,3.9,4.2,0.8,0.5,1.5,1.8,10.0
60,59,Greg Brown III,PF,21,POR,4,0,5.5,1.3,1.8,.714,0.0,0.0,,1.3,1.8,.714,.714,0.0,1.3,.000,0.0,0.3,0.3,0.0,0.8,0.5,0.5,0.8,2.5
61,60,Jaylen Brown,SF,26,BOS,13,13,36.8,9.5,19.6,.482,2.3,6.8,.337,7.2,12.8,.560,.541,4.2,5.0,.831,0.9,5.8,6.8,3.5,0.9,0.5,3.1,2.9,25.4
63,61,Moses Brown,C,23,LAC,8,0,4.0,1.3,1.6,.769,0.0,0.0,,1.3,1.6,.769,.769,0.5,0.9,.571,0.6,1.0,1.6,0.0,0.0,0.5,0.0,0.5,3.0
64,62,Troy Brown Jr.,SF,23,LAL,11,9,27.5,3.7,8.4,.446,1.3,3.9,.326,2.5,4.5,.551,.522,0.7,0.7,1.000,0.9,4.2,5.1,0.8,0.8,0.0,0.9,2.0,9.5
65,63,Jalen Brunson,PG,26,NYK,14,14,32.9,7.4,14.9,.493,1.1,3.9,.291,6.2,11.0,.565,.531,4.1,4.6,.877,0.4,3.1,3.5,6.9,1.3,0.1,1.8,2.6,19.9
66,64,Reggie Bullock,SF,31,DAL,13,13,28.8,1.8,5.5,.319,1.5,4.5,.322,0.3,1.0,.308,.451,0.3,0.5,.571,0.5,2.5,2.9,1.0,1.1,0.2,0.5,2.9,5.3
67,65,Alec Burks,SG,31,DET,2,0,21.0,5.0,9.5,.526,1.5,4.0,.375,3.5,5.5,.636,.605,4.5,6.5,.692,0.0,2.0,2.0,1.5,0.5,0.0,0.5,3.0,16.0
68,66,Jimmy Butler,SF,33,MIA,12,12,35.5,6.8,14.0,.482,0.9,2.4,.379,5.8,11.6,.504,.515,7.2,8.0,.896,2.2,4.9,7.1,6.2,1.8,0.3,1.4,1.6,21.6
69,67,John Butler,C,20,POR,1,0,9.0,1.0,2.0,.500,0.0,1.0,.000,1.0,1.0,1.000,.500,0.0,0.0,,0.0,1.0,1.0,0.0,0.0,1.0,0.0,0.0,2.0
70,68,Jamal Cain,SF,23,MIA,1,0,2.0,1.0,1.0,1.000,1.0,1.0,1.000,0.0,0.0,,1.500,0.0,0.0,,0.0,0.0,0.0,0.0,1.0,0.0,0.0,0.0,3.0
71,69,Kentavious Caldwell-Pope,SG,29,DEN,12,12,31.0,4.2,8.3,.500,2.5,4.6,.545,1.7,3.8,.444,.650,1.0,1.3,.750,0.3,3.3,3.6,2.7,1.5,0.3,1.3,2.0,11.8
72,70,Facundo Campazzo,PG,31,DAL,3,0,5.3,0.3,1.3,.250,0.3,1.0,.333,0.0,0.3,.000,.375,0.0,0.0,,0.0,0.0,0.0,1.0,1.0,0.0,0.0,0.3,1.0
73,71,Vlatko ?an?ar,PF,25,DEN,6,0,2.7,0.3,0.7,.500,0.3,0.5,.667,0.0,0.2,.000,.750,0.0,0.0,,0.0,0.3,0.3,0.0,0.0,0.0,0.2,0.2,1.0
74,72,Clint Capela,C,28,ATL,14,14,27.4,5.1,8.5,.605,0.0,0.0,,5.1,8.5,.605,.605,1.1,2.0,.536,4.4,7.4,11.9,0.7,0.6,1.5,1.1,1.9,11.4
75,73,Vernon Carey Jr.,C,21,WAS,2,0,1.0,0.0,0.0,,0.0,0.0,,0.0,0.0,,,0.0,0.0,,0.0,0.0,0.0,0.0,0.0,0.0,0.0,0.5,0.0
76,74,Jevon Carter,PG,27,MIL,13,13,27.2,3.5,8.2,.421,1.7,4.2,.400,1.8,4.0,.442,.523,0.8,0.9,.833,0.8,1.7,2.5,3.3,1.6,0.7,1.5,3.1,9.4
77,75,Wendell Carter Jr.,C,23,ORL,14,14,32.8,5.6,10.9,.510,1.2,3.3,.370,4.4,7.6,.570,.565,3.9,4.8,.821,2.3,6.9,9.1,3.1,0.6,0.6,2.4,3.1,16.3
78,76,Alex Caruso,PG,28,CHI,14,5,25.2,1.3,4.0,.321,0.7,2.4,.303,0.6,1.6,.348,.411,1.1,1.4,.750,0.6,2.7,3.3,3.8,1.6,1.0,1.9,2.0,4.4
79,77,Justin Champagnie,SF,21,TOR,2,0,4.5,1.5,1.5,1.000,0.0,0.0,,1.5,1.5,1.000,1.000,0.0,0.0,,0.5,1.0,1.5,0.0,0.0,0.0,0.0,0.5,3.0
80,78,Kennedy Chandler,PG,20,MEM,6,0,9.7,1.0,3.2,.316,0.2,1.0,.167,0.8,2.2,.385,.342,0.2,0.7,.250,0.2,0.8,1.0,2.0,0.3,0.3,1.0,0.5,2.3
81,79,Max Christie,SG,19,LAL,8,0,11.5,1.0,2.1,.471,0.8,1.4,.545,0.3,0.8,.333,.647,0.4,0.5,.750,0.1,2.5,2.6,0.5,0.4,0.0,0.3,0.5,3.1
82,80,Josh Christopher,SG,21,HOU,10,0,8.5,1.4,3.7,.378,0.3,1.4,.214,1.1,2.3,.478,.419,0.1,0.2,.500,0.4,1.1,1.5,0.7,0.3,0.0,0.8,1.0,3.2
84,81,Brandon Clarke,PF,26,MEM,15,1,19.1,4.0,6.5,.619,0.1,0.4,.167,3.9,6.1,.648,.624,1.9,2.6,.744,1.1,3.3,4.5,1.5,0.3,1.0,1.3,2.5,10.0
85,82,Jordan Clarkson,SG,30,UTA,16,16,30.6,6.5,15.4,.421,3.1,8.0,.383,3.4,7.4,.462,.520,1.9,2.3,.811,1.4,2.7,4.1,4.8,0.3,0.5,2.5,1.9,17.9
86,83,Nic Claxton,C,23,BRK,15,15,26.8,5.3,7.3,.718,0.0,0.1,.000,5.3,7.3,.725,.718,1.0,2.7,.375,2.7,5.8,8.5,1.2,0.7,1.9,1.5,2.7,11.5
87,84,Amir Coffey,SG,25,LAC,13,0,9.0,0.5,1.5,.316,0.1,0.3,.250,0.4,1.2,.333,.342,1.2,1.4,.833,0.2,0.5,0.7,0.6,0.2,0.1,0.3,0.9,2.2
88,85,John Collins,PF,25,ATL,14,14,31.6,4.9,9.9,.493,0.7,2.9,.244,4.1,6.9,.598,.529,2.2,2.4,.939,1.6,6.4,8.0,1.0,0.7,1.3,1.4,3.3,12.6
89,86,Zach Collins,PF,25,SAS,9,0,17.7,3.4,6.6,.525,0.8,2.0,.389,2.7,4.6,.585,.585,0.7,1.0,.667,1.3,3.3,4.7,2.8,0.7,1.2,1.9,3.0,8.3
90,87,Mike Conley,PG,35,UTA,15,15,30.5,3.6,9.2,.391,1.9,5.2,.359,1.7,4.0,.433,.493,1.7,2.1,.781,0.4,2.0,2.4,8.1,1.2,0.3,1.5,1.9,10.7
91,88,Robert Covington,PF,32,LAC,9,0,13.8,1.2,3.0,.407,0.8,2.1,.368,0.4,0.9,.500,.537,0.8,0.9,.875,0.2,3.0,3.2,1.0,0.3,0.7,0.8,2.2,4.0
92,89,Torrey Craig,SF,32,PHO,13,5,20.2,2.3,5.0,.462,1.1,2.8,.389,1.2,2.2,.552,.569,0.4,0.6,.625,1.8,2.4,4.2,1.4,0.5,0.5,0.7,2.1,6.1
93,90,Jarrett Culver,SG,23,ATL,2,0,1.5,0.0,0.5,.000,0.0,0.0,,0.0,0.5,.000,.000,0.5,1.0,.500,0.5,0.0,0.5,0.0,0.0,0.0,0.0,0.0,0.5
94,91,Cade Cunningham,PG,21,DET,12,12,33.3,7.8,18.7,.415,1.4,5.1,.279,6.3,13.6,.466,.453,3.0,3.6,.837,1.0,5.2,6.2,6.0,0.8,0.6,3.3,2.8,19.9
95,92,Seth Curry,SG,32,BRK,6,0,20.0,3.3,7.7,.435,2.0,4.8,.414,1.3,2.8,.471,.565,1.0,1.2,.857,0.2,1.7,1.8,2.3,0.5,0.2,0.5,1.8,9.7
96,93,Stephen Curry,PG,34,GSW,13,13,34.5,10.5,20.2,.523,5.0,11.5,.433,5.5,8.6,.643,.647,5.4,5.8,.921,0.7,5.9,6.6,6.4,1.1,0.1,2.5,2.0,31.5
97,94,Dyson Daniels,PG,19,NOP,6,0,10.7,1.3,2.8,.471,0.7,1.3,.500,0.7,1.5,.444,.588,0.7,1.0,.667,0.7,2.7,3.3,1.2,0.7,0.5,0.5,0.8,4.0
98,95,Anthony Davis,C,29,LAL,12,12,34.5,9.7,17.8,.542,0.3,1.3,.250,9.3,16.5,.566,.551,4.6,5.8,.786,3.6,7.6,11.2,2.5,1.3,1.8,1.6,3.1,24.3
99,96,Johnny Davis,SG,20,WAS,5,0,6.0,0.4,1.4,.286,0.0,0.2,.000,0.4,1.2,.333,.286,0.4,0.4,1.000,0.2,0.6,0.8,0.4,0.0,0.0,0.2,1.6,1.2
100,97,Terence Davis,SG,25,SAC,12,0,13.8,2.9,5.8,.507,1.6,3.8,.413,1.3,1.9,.696,.645,1.0,1.2,.857,0.4,2.6,3.0,1.5,0.8,0.3,0.4,1.8,8.4
101,98,JD Davison,PG,20,BOS,1,0,2.0,0.0,0.0,,0.0,0.0,,0.0,0.0,,,0.0,0.0,,0.0,1.0,1.0,1.0,0.0,0.0,0.0,0.0,0.0
102,99,Dewayne Dedmon,C,33,MIA,12,0,12.1,2.3,4.1,.571,0.6,1.3,.438,1.8,2.8,.636,.643,1.1,1.3,.813,1.0,2.4,3.4,0.7,0.1,0.4,0.5,2.0,6.3
103,100,Matthew Dellavedova,PG,32,SAC,4,0,9.0,0.8,2.3,.333,0.5,0.8,.667,0.3,1.5,.167,.444,0.0,0.0,,0.3,0.3,0.5,2.0,0.5,0.0,0.8,1.3,2.0
105,101,DeMar DeRozan,SF,33,CHI,14,14,33.8,8.1,16.0,.509,0.3,1.4,.200,7.9,14.6,.539,.518,7.3,8.2,.887,0.4,3.6,3.9,4.2,1.1,0.4,2.3,2.6,23.9
106,102,Moussa Diabat?,PF,21,LAC,2,0,3.0,0.5,0.5,1.000,0.0,0.0,,0.5,0.5,1.000,1.000,0.5,0.5,1.000,0.0,1.0,1.0,0.5,0.5,0.0,0.0,0.0,1.5
107,103,Mamadi Diakite,PF,26,CLE,3,0,2.7,0.3,1.0,.333,0.0,0.7,.000,0.3,0.3,1.000,.333,0.0,0.0,,0.0,0.7,0.7,0.0,0.3,0.0,0.0,0.7,0.7
108,104,Hamidou Diallo,SG,24,DET,15,0,14.0,2.1,5.1,.403,0.1,0.5,.125,2.0,4.6,.435,.409,1.6,2.3,.686,1.1,1.7,2.9,0.7,0.5,0.1,0.7,2.1,5.8
109,105,Gorgui Dieng,C,33,SAS,7,0,9.1,1.3,3.0,.429,0.9,2.4,.353,0.4,0.6,.750,.571,0.4,0.6,.750,0.9,1.3,2.1,1.7,0.1,0.6,1.0,1.3,3.9
110,106,Ousmane Dieng,SF,19,OKC,9,0,15.0,1.3,4.0,.333,0.6,2.4,.227,0.8,1.6,.500,.403,0.1,0.2,.500,0.3,1.9,2.2,1.7,0.1,0.2,0.3,0.6,3.3
111,107,Spencer Dinwiddie,PG,29,DAL,13,13,33.7,6.7,13.8,.483,3.2,7.2,.441,3.5,6.7,.529,.597,1.8,2.2,.793,0.3,3.2,3.5,4.8,1.2,0.2,1.8,2.5,18.3
112,108,Donte DiVincenzo,SG,26,GSW,6,0,15.0,1.3,3.0,.444,0.7,2.0,.333,0.7,1.0,.667,.556,0.8,1.0,.833,0.0,1.3,1.3,1.7,0.3,0.0,1.8,1.8,4.2
113,109,Luka Don?i?,PG,23,DAL,13,13,37.2,11.6,23.4,.497,2.3,7.9,.291,9.3,15.5,.602,.546,8.8,11.5,.767,1.1,7.8,8.8,7.8,2.1,0.6,3.2,3.2,34.4
114,110,Tyler Dorsey,SG,26,DAL,1,0,4.0,4.0,4.0,1.000,1.0,1.0,1.000,3.0,3.0,1.000,1.125,0.0,0.0,,1.0,1.0,2.0,0.0,0.0,0.0,0.0,0.0,9.0
115,111,Luguentz Dort,SG,23,OKC,14,14,30.6,4.9,12.6,.392,1.5,5.6,.266,3.4,6.9,.495,.452,2.7,3.5,.776,1.4,2.9,4.4,2.3,1.4,0.3,1.1,3.4,14.1
116,112,Ayo Dosunmu,PG,23,CHI,13,13,30.3,4.7,9.6,.488,1.4,3.9,.353,3.3,5.7,.581,.560,0.9,1.0,.923,0.5,3.4,3.8,3.2,0.8,0.3,1.7,2.5,11.7
117,113,Jeff Dowtin,PG,25,TOR,3,0,7.7,1.3,2.3,.571,0.0,0.3,.000,1.3,2.0,.667,.571,0.0,0.0,,0.7,1.0,1.7,1.3,0.0,0.3,0.3,0.7,2.7
118,114,Goran Dragi?,PG,36,CHI,14,0,19.3,3.8,8.3,.457,1.6,3.4,.468,2.2,4.9,.449,.552,0.9,1.2,.765,0.6,1.3,1.9,3.6,0.3,0.2,1.4,1.4,10.1
119,115,Andre Drummond,C,29,CHI,8,0,16.8,3.6,6.6,.547,0.0,0.3,.000,3.6,6.4,.569,.547,1.4,1.9,.733,3.3,6.4,9.6,0.9,0.9,0.4,1.8,2.6,8.6
120,116,Chris Duarte,SF,25,IND,9,5,19.7,3.1,7.9,.394,1.4,4.2,.342,1.7,3.7,.455,.486,1.2,1.3,.917,0.4,1.7,2.1,1.0,0.1,0.4,0.9,1.8,8.9
121,117,David Duke Jr.,SG,23,BRK,9,0,10.1,1.7,3.3,.500,0.0,0.4,.000,1.7,2.9,.577,.500,0.3,0.3,1.000,0.4,0.7,1.1,0.7,0.4,0.1,1.0,1.9,3.7
122,118,Kevin Durant,PF,34,BRK,15,15,36.6,10.1,19.2,.524,1.6,4.5,.353,8.5,14.7,.577,.566,8.6,9.3,.921,0.4,6.1,6.5,5.3,0.9,1.9,3.2,2.5,30.3
123,119,Jalen Duren,C,19,DET,12,0,21.2,2.7,4.8,.561,0.0,0.1,.000,2.7,4.7,.571,.561,0.8,2.3,.357,2.8,4.4,7.3,0.3,0.3,1.2,1.1,2.0,6.2
124,120,Tari Eason,PF,21,HOU,14,0,18.1,3.2,7.4,.437,0.9,2.0,.429,2.4,5.4,.440,.495,1.1,1.4,.789,2.1,2.6,4.8,1.1,1.6,0.5,0.8,2.3,8.4
126,121,Anthony Edwards,SG,21,MIN,14,14,36.1,7.9,17.4,.457,2.4,6.9,.340,5.6,10.4,.534,.525,2.7,4.1,.667,0.5,5.1,5.6,3.7,1.1,0.2,3.1,3.1,20.9
127,122,Kessler Edwards,SF,22,BRK,7,0,4.0,0.4,1.3,.333,0.3,0.9,.333,0.1,0.4,.333,.444,0.1,0.3,.500,0.3,0.4,0.7,0.3,0.3,0.1,0.0,0.1,1.3
128,123,Joel Embiid,C,28,PHI,10,10,35.2,10.8,20.1,.537,0.9,3.8,.237,9.9,16.3,.607,.560,9.8,11.8,.831,1.6,8.5,10.1,4.1,0.6,1.8,4.2,3.4,32.3
129,124,Drew Eubanks,C,25,POR,14,3,18.6,2.4,3.4,.702,0.0,0.0,,2.4,3.4,.702,.702,1.0,1.4,.700,1.4,2.6,4.0,0.9,0.4,0.7,0.8,2.1,5.7
130,125,Bruno Fernando,C,24,HOU,2,2,18.5,2.5,3.0,.833,0.0,0.0,,2.5,3.0,.833,.833,0.5,1.0,.500,2.5,4.0,6.5,4.5,0.5,1.0,0.5,1.5,5.5
131,126,Dorian Finney-Smith,PF,29,DAL,13,13,32.8,3.4,7.7,.440,1.9,5.2,.368,1.5,2.5,.594,.565,0.6,0.8,.727,1.2,2.8,3.9,0.7,1.0,0.5,1.2,2.2,9.3
132,127,Malachi Flynn,PG,24,TOR,9,0,10.6,2.0,4.6,.439,1.2,2.6,.478,0.8,2.0,.389,.573,1.1,1.2,.909,0.1,1.1,1.2,1.0,0.3,0.1,0.6,1.4,6.3
133,128,Simone Fontecchio,SF,27,UTA,8,0,6.0,1.1,2.8,.409,0.8,2.0,.375,0.4,0.8,.500,.545,0.0,0.0,,0.5,0.8,1.3,0.3,0.1,0.1,0.5,0.6,3.0
134,129,Bryn Forbes,SG,29,MIN,8,0,10.9,1.1,3.6,.310,0.5,1.8,.286,0.6,1.9,.333,.379,0.5,0.5,1.000,0.4,0.3,0.6,1.0,0.9,0.0,0.4,0.6,3.3
135,130,Trent Forrest,PG,24,ATL,4,0,3.5,0.0,0.8,.000,0.0,0.0,,0.0,0.8,.000,.000,0.0,0.0,,0.0,0.5,0.5,0.8,0.0,0.0,0.0,0.3,0.0
136,131,Evan Fournier,SG,30,NYK,13,7,20.0,2.4,6.9,.344,1.5,4.4,.333,0.9,2.5,.364,.450,0.7,0.8,.818,0.2,1.9,2.1,1.7,0.7,0.2,1.1,2.2,6.9
137,132,De'Aaron Fox,PG,25,SAC,12,12,32.0,9.4,17.4,.541,1.8,5.1,.361,7.6,12.3,.615,.593,3.9,4.8,.810,0.6,4.4,5.0,6.3,1.3,0.5,3.0,2.8,24.6
138,133,Wenyen Gabriel,PF,25,LAL,11,2,13.5,2.0,3.2,.629,0.1,0.5,.200,1.9,2.7,.700,.643,0.6,0.9,.700,0.6,1.9,2.5,0.7,0.7,0.5,0.7,2.1,4.7
139,134,Daniel Gafford,C,24,WAS,14,0,14.7,2.3,3.1,.727,0.0,0.0,,2.3,3.1,.727,.727,1.3,2.1,.621,1.4,2.5,3.9,0.6,0.4,1.1,1.2,1.6,5.9
140,135,Darius Garland,PG,23,CLE,7,7,34.6,6.9,17.4,.393,3.1,7.7,.407,3.7,9.7,.382,.484,4.3,5.4,.789,0.6,1.7,2.3,8.0,1.4,0.1,3.1,2.6,21.1
141,136,Usman Garuba,PF,20,HOU,12,1,15.3,1.5,2.7,.563,0.3,0.4,.800,1.2,2.3,.519,.625,0.5,1.1,.462,2.3,3.2,5.4,1.2,0.9,0.7,1.2,1.8,3.8
142,137,Rudy Gay,SF,36,UTA,12,0,15.8,1.8,4.8,.362,0.8,2.8,.265,1.0,2.0,.500,.440,0.3,0.5,.500,0.5,2.9,3.4,0.8,0.4,0.5,0.8,1.3,4.5
143,138,Paul George,SF,32,LAC,14,14,35.6,8.5,18.4,.461,2.6,7.6,.346,5.9,10.8,.543,.533,4.7,5.6,.846,0.4,5.7,6.1,4.6,1.6,0.5,3.9,2.7,24.4
144,139,Taj Gibson,PF,37,WAS,6,0,4.5,0.8,1.8,.455,0.2,0.7,.250,0.7,1.2,.571,.500,0.7,0.7,1.000,0.3,0.7,1.0,0.5,0.2,0.0,0.2,0.5,2.5
145,140,Josh Giddey,SG,20,OKC,11,11,30.3,6.4,13.9,.458,1.1,3.5,.316,5.3,10.5,.504,.497,1.0,1.4,.733,1.5,5.8,7.3,5.5,0.5,0.5,3.6,2.2,14.8
147,141,Shai Gilgeous-Alexander,SG,24,OKC,13,13,35.9,11.6,21.5,.539,1.1,2.8,.378,10.5,18.7,.564,.564,7.2,7.7,.940,0.8,3.5,4.4,5.8,2.1,1.5,3.4,2.5,31.5
148,142,Anthony Gill,PF,30,WAS,13,4,13.3,1.6,2.8,.568,0.2,0.7,.222,1.5,2.2,.679,.595,0.5,0.5,1.000,0.8,1.1,1.8,0.7,0.2,0.1,0.2,1.6,3.8
149,143,Rudy Gobert,C,30,MIN,12,12,32.3,5.1,8.3,.616,0.0,0.2,.000,5.1,8.1,.629,.616,3.8,5.6,.687,4.2,8.8,12.9,1.0,0.6,1.6,1.7,2.8,14.0
150,144,Jordan Goodwin,PG,24,WAS,8,0,18.9,2.8,5.0,.550,1.0,1.9,.533,1.8,3.1,.560,.650,0.4,0.5,.750,1.3,3.0,4.3,3.1,0.8,0.9,0.6,1.6,6.9
151,145,Aaron Gordon,PF,27,DEN,13,13,29.0,5.5,9.6,.576,0.8,2.7,.314,4.7,6.9,.678,.620,2.5,4.1,.623,2.2,4.6,6.8,2.5,0.5,0.8,1.2,1.5,14.5
152,146,Eric Gordon,SG,34,HOU,12,12,30.2,4.2,9.3,.446,1.8,5.1,.361,2.3,4.3,.549,.545,2.0,2.4,.828,0.2,1.8,1.9,3.1,0.8,0.4,1.8,0.9,12.2
153,147,Devonte' Graham,PG,27,NOP,14,0,15.9,1.4,3.9,.370,1.2,3.1,.395,0.2,0.8,.273,.528,0.6,0.9,.667,0.1,1.1,1.1,2.4,0.5,0.2,0.4,0.8,4.6
154,148,Jerami Grant,PF,28,POR,13,13,35.8,7.0,13.8,.506,2.7,5.5,.493,4.3,8.4,.514,.603,4.6,6.2,.750,1.0,3.9,4.9,2.5,0.7,0.8,2.2,1.9,21.3
155,149,A.J. Green,SG,23,MIL,1,0,2.0,0.0,0.0,,0.0,0.0,,0.0,0.0,,,0.0,0.0,,0.0,0.0,0.0,1.0,0.0,0.0,0.0,0.0,0.0
156,150,Draymond Green,PF,32,GSW,13,13,30.0,3.4,6.3,.537,0.2,1.1,.214,3.2,5.2,.603,.555,0.9,1.5,.632,0.7,5.8,6.5,6.6,0.9,0.5,2.4,3.5,7.9
157,151,Jalen Green,SG,20,HOU,14,14,34.4,7.9,18.1,.433,3.0,8.0,.375,4.9,10.1,.479,.516,3.3,4.1,.793,0.6,3.6,4.1,3.1,0.8,0.3,2.7,1.5,22.0
158,152,JaMychal Green,PF,32,GSW,11,0,17.0,2.0,4.5,.449,0.5,1.8,.250,1.5,2.6,.586,.500,0.5,0.6,.857,1.8,2.9,4.7,0.7,0.9,0.6,1.0,2.2,5.0
159,153,Javonte Green,SG,29,CHI,14,0,17.4,2.3,4.2,.542,0.6,1.5,.381,1.7,2.7,.632,.610,0.9,1.1,.800,1.1,2.1,3.2,0.9,1.1,0.7,0.7,2.1,6.0
160,154,Jeff Green,PF,36,DEN,13,0,19.8,2.9,5.6,.521,0.4,1.4,.278,2.5,4.2,.600,.555,1.5,2.1,.741,0.8,1.9,2.8,1.2,0.5,0.2,1.0,2.0,7.8
161,155,Josh Green,SG,22,DAL,13,0,18.5,1.9,3.2,.610,0.8,1.8,.478,1.1,1.4,.778,.744,1.1,1.8,.583,0.8,1.3,2.2,0.8,1.0,0.1,0.7,1.9,5.8
162,156,AJ Griffin,SF,19,ATL,10,0,12.6,2.7,5.3,.509,1.2,2.6,.462,1.5,2.7,.556,.623,0.3,0.3,1.000,0.5,1.1,1.6,0.6,0.6,0.0,0.5,0.9,6.9
163,157,Blake Griffin,PF,33,BOS,6,2,12.0,1.3,3.0,.444,0.5,1.3,.375,0.8,1.7,.500,.528,0.8,1.0,.833,1.0,2.0,3.0,0.8,0.3,0.0,0.7,1.7,4.0
164,158,Quentin Grimes,SG,22,NYK,5,1,8.0,0.6,1.8,.333,0.4,1.6,.250,0.2,0.2,1.000,.444,0.4,0.4,1.000,0.2,0.4,0.6,0.4,0.0,0.2,0.4,1.2,2.0
165,159,Rui Hachimura,PF,24,WAS,14,0,23.5,4.6,9.9,.460,0.6,2.1,.300,3.9,7.8,.505,.493,1.5,2.1,.724,0.8,4.1,4.9,0.9,0.1,0.6,1.5,1.1,11.3
166,160,Tyrese Haliburton,PG,22,IND,12,12,34.2,7.3,15.0,.483,3.0,7.0,.429,4.3,8.0,.531,.583,3.0,3.5,.857,1.1,3.7,4.8,10.3,1.8,0.2,3.0,1.3,20.5
168,161,Jordan Hall,SF,21,SAS,4,0,10.8,1.0,3.0,.333,0.3,1.5,.167,0.8,1.5,.500,.375,0.0,0.0,,0.3,0.8,1.0,1.5,0.3,0.0,1.0,1.0,2.3
169,162,R.J. Hampton,PG,21,ORL,12,0,14.8,2.3,4.4,.509,1.0,2.0,.500,1.3,2.4,.517,.623,1.3,1.4,.941,0.5,1.0,1.5,1.3,0.8,0.3,1.0,1.2,6.8
170,163,Tim Hardaway Jr.,SG,30,DAL,12,0,24.0,3.3,10.2,.320,2.1,6.7,.313,1.2,3.5,.333,.422,2.2,2.4,.897,0.2,1.8,1.9,2.1,0.8,0.2,1.1,1.3,10.8
171,164,James Harden,SG,33,PHI,9,9,36.8,7.0,15.9,.441,2.2,6.7,.333,4.8,9.2,.518,.510,5.8,6.2,.929,0.6,6.4,7.0,10.0,1.1,0.7,2.9,2.0,22.0
172,165,Jaden Hardy,SG,20,DAL,3,0,3.3,0.0,1.7,.000,0.0,0.7,.000,0.0,1.0,.000,.000,0.0,0.0,,0.0,0.7,0.7,0.3,0.0,0.0,0.7,0.7,0.0
173,166,Ron Harper Jr.,SF,22,TOR,1,0,3.0,0.0,1.0,.000,0.0,1.0,.000,0.0,0.0,,.000,0.0,0.0,,0.0,0.0,0.0,0.0,0.0,0.0,0.0,0.0,0.0
174,167,Montrezl Harrell,C,29,PHI,12,1,10.9,1.5,2.7,.563,0.0,0.0,,1.5,2.7,.563,.563,1.3,1.9,.696,0.7,1.4,2.1,0.4,0.3,0.5,0.4,1.2,4.3
175,168,Joe Harris,SG,31,BRK,13,9,26.0,2.8,7.2,.394,1.6,4.8,.333,1.2,2.4,.516,.505,0.2,0.5,.500,0.8,2.6,3.4,1.9,0.5,0.2,0.5,2.1,7.5
176,169,Kevon Harris,SG,25,ORL,10,0,13.4,1.1,3.3,.333,0.5,1.2,.417,0.6,2.1,.286,.409,1.1,1.4,.786,1.0,1.4,2.4,0.5,0.4,0.0,0.8,1.7,3.8
177,170,Tobias Harris,PF,30,PHI,14,14,33.7,5.6,12.1,.462,2.1,5.2,.397,3.5,6.9,.510,.547,1.5,1.9,.778,1.1,5.1,6.2,2.9,1.6,0.6,1.1,2.1,14.7
178,171,Josh Hart,SG,27,POR,14,14,36.1,3.1,7.2,.426,0.5,1.6,.304,2.6,5.6,.462,.460,2.0,2.9,.683,1.6,6.9,8.6,4.4,1.3,0.1,1.8,2.4,8.6
179,172,Isaiah Hartenstein,C,24,NYK,14,4,24.9,3.2,5.9,.542,0.2,1.1,.200,3.0,4.9,.618,.560,0.8,1.0,.786,3.6,4.8,8.4,0.9,0.7,1.2,1.1,2.9,7.4
180,173,Udonis Haslem,PF,42,MIA,2,0,5.0,0.5,1.5,.333,0.0,0.0,,0.5,1.5,.333,.333,0.5,1.0,.500,0.0,1.0,1.0,0.0,0.0,0.5,0.0,0.5,1.5
181,174,Sam Hauser,PF,25,BOS,14,0,15.6,2.6,5.1,.507,2.0,4.4,.452,0.6,0.6,.889,.704,0.2,0.3,.750,0.3,1.6,1.9,0.6,0.3,0.3,0.1,1.3,7.4
182,175,Jaxson Hayes,C,22,NOP,5,0,7.4,0.2,1.0,.200,0.0,0.4,.000,0.2,0.6,.333,.200,0.0,0.4,.000,0.2,0.8,1.0,0.6,0.2,0.2,0.2,1.0,0.4
183,176,Killian Hayes,PG,21,DET,15,2,20.7,2.1,6.9,.308,0.5,2.2,.242,1.6,4.7,.338,.346,0.5,0.7,.800,0.5,2.0,2.5,3.5,0.9,0.3,1.7,2.3,5.3
184,177,Gordon Hayward,SF,32,CHO,8,8,31.0,6.3,13.3,.472,1.3,3.5,.357,5.0,9.8,.513,.519,3.6,4.6,.784,0.5,3.8,4.3,4.1,0.8,0.3,2.8,0.8,17.4
185,178,Juancho Hernang?mez,PF,27,TOR,8,0,11.3,1.1,2.3,.500,0.5,1.3,.400,0.6,1.0,.625,.611,0.1,0.3,.500,0.5,2.3,2.8,1.1,0.5,0.3,0.5,0.9,2.9
186,179,Willy Hernang?mez,C,28,NOP,3,0,8.7,1.7,3.7,.455,0.0,0.7,.000,1.7,3.0,.556,.455,0.7,0.7,1.000,1.3,2.7,4.0,0.3,0.3,0.0,1.7,1.0,4.0
187,180,Tyler Herro,SG,23,MIA,10,10,31.4,7.2,15.4,.468,2.4,6.4,.375,4.8,9.0,.533,.545,2.8,3.1,.903,0.6,5.8,6.4,2.6,0.7,0.6,2.1,1.6,19.6
189,181,Buddy Hield,SG,30,IND,12,12,31.5,6.8,14.6,.469,4.1,10.0,.408,2.8,4.6,.600,.609,1.1,1.3,.867,1.3,4.3,5.5,3.2,0.8,0.4,1.9,2.2,18.8
190,182,Haywood Highsmith,SF,26,MIA,6,0,4.8,0.2,1.0,.167,0.0,0.7,.000,0.2,0.3,.500,.167,0.0,0.0,,0.0,0.7,0.7,0.0,0.5,0.0,0.5,0.2,0.3
191,183,George Hill,PG,36,MIL,13,0,22.9,1.5,4.2,.370,0.5,2.0,.231,1.1,2.2,.500,.426,1.7,2.3,.733,0.4,1.5,1.8,2.6,0.4,0.2,0.8,1.4,5.2
192,184,Malcolm Hill,SF,27,CHI,3,0,0.3,0.0,0.0,,0.0,0.0,,0.0,0.0,,,0.0,0.0,,0.0,0.3,0.3,0.0,0.0,0.0,0.0,0.0,0.0
193,185,Aaron Holiday,PG,26,ATL,14,1,19.2,1.9,4.4,.443,0.6,1.2,.471,1.4,3.1,.432,.508,0.6,0.6,.889,0.4,1.0,1.4,1.8,0.8,0.2,0.9,1.7,5.0
194,186,Jrue Holiday,PG,32,MIL,10,10,33.1,7.4,16.8,.440,2.4,6.7,.358,5.0,10.1,.495,.512,2.4,2.8,.857,1.3,4.4,5.7,7.9,1.5,0.7,2.9,1.7,19.6
195,187,Justin Holiday,SG,33,ATL,13,0,19.4,2.4,6.2,.388,1.5,4.3,.339,0.9,1.8,.500,.506,0.0,0.0,,0.1,1.2,1.2,1.2,0.3,0.3,0.6,1.9,6.2
196,188,Richaun Holmes,PF,29,SAC,9,0,12.0,1.8,2.4,.727,0.1,0.1,1.000,1.7,2.3,.714,.750,0.4,0.7,.667,0.9,1.8,2.7,0.0,0.2,0.1,0.6,1.9,4.1
197,189,Al Horford,C,36,BOS,11,11,31.5,4.4,8.1,.539,2.1,4.6,.451,2.3,3.5,.658,.669,0.5,0.7,.625,1.2,5.4,6.5,2.3,0.5,0.7,0.7,2.1,11.3
198,190,Talen Horton-Tucker,SG,22,UTA,16,0,16.4,2.9,7.2,.400,0.8,2.9,.255,2.1,4.3,.500,.452,1.4,1.8,.821,0.6,2.1,2.7,2.6,0.8,0.3,1.0,1.4,7.9
199,191,Danuel House Jr.,SF,29,PHI,12,0,16.8,1.3,2.9,.429,0.6,1.8,.333,0.7,1.2,.571,.529,0.8,1.2,.714,0.3,1.3,1.7,0.8,0.5,0.3,0.5,1.4,3.9
200,192,Caleb Houstan,SF,20,ORL,10,0,17.2,1.1,3.1,.355,0.7,2.2,.318,0.4,0.9,.444,.468,0.5,0.6,.833,0.5,1.5,2.0,0.5,0.2,0.1,0.4,1.4,3.4
201,193,Trevor Hudgins,PG,23,HOU,1,0,4.0,1.0,1.0,1.000,1.0,1.0,1.000,0.0,0.0,,1.500,0.0,0.0,,0.0,0.0,0.0,0.0,0.0,0.0,0.0,0.0,3.0
202,194,Kevin Huerter,SG,24,SAC,13,13,31.7,5.6,10.9,.514,3.8,7.3,.526,1.8,3.6,.489,.690,1.7,2.5,.667,0.2,2.7,2.8,3.2,0.9,0.4,1.4,2.1,16.8
203,195,De'Andre Hunter,SF,25,ATL,14,14,29.9,5.9,12.6,.466,1.4,3.9,.370,4.4,8.7,.508,.523,2.5,3.2,.778,0.7,3.1,3.9,1.0,0.3,0.1,1.4,3.4,15.6
204,196,Bones Hyland,PG,22,DEN,9,0,20.8,4.4,11.4,.388,2.9,5.8,.500,1.6,5.7,.275,.515,2.2,2.9,.769,0.1,1.6,1.7,3.7,0.7,0.3,2.0,1.9,14.0
205,197,Serge Ibaka,PF,33,MIL,11,0,11.8,1.6,3.1,.529,0.5,1.1,.417,1.2,2.0,.591,.603,0.6,1.0,.636,0.9,2.4,3.3,0.3,0.0,0.5,0.6,1.5,4.4
206,198,Brandon Ingram,SF,25,NOP,10,10,33.0,7.8,16.1,.484,1.7,3.4,.500,6.1,12.7,.480,.537,3.9,4.7,.830,0.6,5.0,5.6,3.8,0.8,0.9,2.9,2.7,21.2
207,199,Kyrie Irving,PG,30,BRK,8,8,38.6,9.8,21.5,.453,2.6,9.4,.280,7.1,12.1,.588,.515,4.8,5.1,.927,0.8,4.4,5.1,5.1,1.4,1.1,2.4,3.0,26.9
208,200,Jaden Ivey,SG,20,DET,14,14,31.6,5.7,13.0,.440,1.5,4.4,.339,4.2,8.6,.492,.497,3.2,4.4,.738,1.3,3.7,5.0,4.1,1.4,0.4,2.6,2.9,16.1
210,201,Isaiah Jackson,PF,21,IND,12,3,18.4,3.3,5.4,.615,0.0,0.1,.000,3.3,5.3,.625,.615,1.9,2.8,.697,1.7,3.8,5.4,1.2,0.5,1.3,1.3,2.7,8.6
211,202,Jaren Jackson Jr.,C,23,MEM,1,1,25.0,3.0,14.0,.214,0.0,7.0,.000,3.0,7.0,.429,.214,1.0,2.0,.500,2.0,4.0,6.0,0.0,0.0,5.0,2.0,1.0,7.0
212,203,Justin Jackson,SF,27,BOS,3,0,5.0,0.7,2.0,.333,0.7,1.7,.400,0.0,0.3,.000,.500,0.0,0.0,,0.0,0.3,0.3,0.3,0.0,0.0,0.0,0.7,2.0
213,204,Reggie Jackson,PG,32,LAC,15,15,28.7,4.0,9.7,.414,1.2,4.1,.290,2.8,5.5,.506,.476,1.1,1.1,.941,0.3,2.1,2.3,4.1,0.7,0.1,2.1,1.7,10.3
214,205,LeBron James,PF,38,LAL,10,10,35.7,10.0,21.9,.457,1.7,7.1,.239,8.3,14.8,.561,.495,3.2,4.8,.667,1.8,7.0,8.8,6.9,1.1,0.7,3.4,2.0,24.9
215,206,Ty Jerome,SG,25,GSW,8,0,15.0,2.0,3.8,.533,0.8,2.0,.375,1.3,1.8,.714,.633,1.3,1.3,1.000,0.1,0.9,1.0,1.9,0.1,0.1,0.3,1.1,6.0
216,207,Isaiah Joe,SG,23,OKC,11,0,6.1,1.2,2.3,.520,0.7,1.7,.421,0.5,0.5,.833,.680,0.5,0.6,.714,0.0,1.1,1.1,0.5,0.3,0.1,0.4,0.7,3.5
217,208,Cameron Johnson,PF,26,PHO,8,8,25.3,4.6,10.4,.446,2.8,6.4,.431,1.9,4.0,.469,.578,1.0,1.4,.727,0.6,2.8,3.4,1.8,1.1,0.4,0.3,1.8,13.0
218,209,Jalen Johnson,SF,21,ATL,14,0,14.0,1.7,3.6,.471,0.2,1.2,.176,1.5,2.4,.618,.500,0.6,0.9,.692,0.4,2.7,3.1,0.7,0.7,0.2,0.5,1.5,4.3
219,210,James Johnson,PF,35,IND,3,0,14.7,1.7,4.0,.417,0.3,1.7,.200,1.3,2.3,.571,.458,0.0,0.0,,0.0,2.3,2.3,1.3,0.3,0.7,0.0,3.3,3.7
220,211,Keldon Johnson,SF,23,SAS,14,14,32.9,7.6,16.9,.451,3.7,8.8,.423,3.9,8.1,.482,.561,3.7,4.8,.776,0.6,4.4,4.9,3.6,1.0,0.1,2.9,1.5,22.7
221,212,Keon Johnson,SG,20,POR,6,0,17.7,2.7,7.5,.356,1.3,3.8,.348,1.3,3.7,.364,.444,0.3,1.0,.333,0.5,2.0,2.5,1.7,0.8,0.3,2.2,1.7,7.0
222,213,Nikola Joki?,C,27,DEN,13,13,31.1,7.9,13.1,.606,0.6,2.2,.286,7.3,10.9,.669,.629,4.3,4.9,.875,1.5,7.9,9.5,8.9,1.5,0.6,3.2,2.7,20.8
223,214,Damian Jones,C,27,LAL,9,1,8.3,1.1,2.3,.476,0.0,0.1,.000,1.1,2.2,.500,.476,0.8,1.1,.700,1.0,1.7,2.7,0.3,0.1,0.4,0.6,1.1,3.0
224,215,Derrick Jones Jr.,SF,25,CHI,12,0,14.4,1.7,3.8,.444,0.3,0.9,.273,1.4,2.8,.500,.478,2.2,2.6,.839,1.1,1.6,2.7,0.6,0.4,0.8,0.2,1.3,5.8
225,216,Herbert Jones,SF,24,NOP,10,10,29.1,3.7,7.8,.474,0.4,2.1,.190,3.3,5.7,.579,.500,2.6,3.4,.765,1.3,2.2,3.5,2.0,1.0,0.6,0.9,3.7,10.4
226,217,Kai Jones,C,22,CHO,7,0,4.0,0.6,1.0,.571,0.1,0.4,.333,0.4,0.6,.750,.643,0.3,0.6,.500,0.0,0.1,0.1,0.3,0.1,0.9,0.0,0.3,1.6
227,218,Tre Jones,PG,23,SAS,14,14,29.9,4.1,10.3,.403,0.9,2.3,.406,3.2,8.0,.402,.448,2.4,2.6,.917,0.6,3.1,3.7,6.9,1.5,0.2,1.9,2.1,11.6
228,219,Tyus Jones,PG,26,MEM,15,2,23.1,4.3,9.6,.444,1.3,3.9,.339,2.9,5.7,.518,.514,0.5,0.9,.615,0.3,1.4,1.7,3.9,0.7,0.1,1.1,0.5,10.4
229,220,DeAndre Jordan,C,34,DEN,11,0,13.5,2.3,2.8,.806,0.1,0.1,1.000,2.2,2.7,.800,.823,0.8,1.5,.529,1.4,3.5,4.9,0.7,0.1,0.6,1.4,1.5,5.5
231,221,Cory Joseph,PG,31,DET,12,2,12.4,1.1,2.8,.394,0.6,1.5,.389,0.5,1.3,.400,.500,0.8,0.9,.818,0.2,0.8,0.9,2.4,0.3,0.1,0.4,1.5,3.5
232,222,Nikola Jovi?,PF,19,MIA,4,0,6.0,1.0,2.0,.500,0.3,1.0,.250,0.8,1.0,.750,.563,0.0,0.0,,0.3,0.3,0.5,0.3,0.5,0.0,0.5,1.3,2.3
233,223,Frank Kaminsky,C,29,ATL,5,0,5.6,0.6,1.0,.600,0.0,0.2,.000,0.6,0.8,.750,.600,0.8,0.8,1.000,0.0,1.2,1.2,0.6,0.0,0.0,0.2,1.4,2.0
234,224,Trevor Keels,SG,19,NYK,1,0,1.0,0.0,1.0,.000,0.0,1.0,.000,0.0,0.0,,.000,0.0,0.0,,0.0,1.0,1.0,0.0,0.0,0.0,0.0,0.0,0.0
235,225,Luke Kennard,SG,26,LAC,14,7,21.3,2.9,5.7,.513,1.6,3.4,.479,1.3,2.3,.563,.656,0.2,0.2,1.000,0.3,2.6,2.9,0.6,0.6,0.0,1.1,1.4,7.7
236,226,Walker Kessler,C,21,UTA,13,0,14.9,2.5,3.5,.696,0.0,0.0,,2.5,3.5,.696,.696,0.7,1.4,.500,2.3,3.1,5.4,0.7,0.2,1.6,0.7,1.8,5.6
237,227,Braxton Key,SF,25,DET,2,0,3.5,0.5,0.5,1.000,0.0,0.0,,0.5,0.5,1.000,1.000,1.0,1.0,1.000,0.0,0.5,0.5,0.0,0.0,0.0,0.0,0.0,2.0
238,228,Corey Kispert,SF,23,WAS,6,5,24.2,3.2,5.7,.559,1.3,3.0,.444,1.8,2.7,.688,.676,1.2,1.3,.875,0.0,2.2,2.2,1.7,0.8,0.0,0.7,1.2,8.8
239,229,Maxi Kleber,C,31,DAL,13,0,24.6,1.5,4.0,.385,0.7,2.5,.273,0.8,1.5,.579,.471,0.7,0.9,.750,0.8,2.8,3.6,0.8,0.5,0.7,0.6,1.8,4.5
240,230,Nathan Knight,PF,25,MIN,5,0,2.6,0.2,0.4,.500,0.0,0.2,.000,0.2,0.2,1.000,.500,0.2,0.2,1.000,0.0,1.0,1.0,0.0,0.4,0.0,0.2,0.4,0.6
241,231,Kevin Knox,SF,23,DET,8,0,8.1,0.8,3.0,.250,0.3,2.0,.125,0.5,1.0,.500,.292,0.0,0.0,,0.3,0.8,1.0,0.1,0.1,0.1,0.5,1.3,1.8
242,232,Christian Koloko,C,22,TOR,15,8,17.1,1.5,3.4,.431,0.0,0.2,.000,1.5,3.2,.458,.431,1.1,1.6,.667,1.5,1.9,3.3,0.5,0.3,1.2,0.7,2.9,4.0
243,233,John Konchar,SG,26,MEM,14,6,26.6,2.7,5.9,.458,1.4,3.6,.392,1.3,2.3,.563,.578,0.1,0.1,.500,1.5,4.2,5.7,1.1,1.0,0.3,0.5,1.8,6.9
244,234,Furkan Korkmaz,SG,25,PHI,5,0,5.6,0.8,1.6,.500,0.2,0.6,.333,0.6,1.0,.600,.563,1.0,1.2,.833,0.2,0.6,0.8,0.6,0.0,0.0,0.4,0.4,2.8
245,235,Luke Kornet,C,27,BOS,10,0,11.7,1.1,2.1,.524,0.1,0.3,.333,1.0,1.8,.556,.548,0.7,0.8,.875,1.3,1.7,3.0,1.2,0.2,0.8,0.6,1.4,3.0
246,236,Vit Krejci,PG,22,ATL,6,0,2.3,0.5,0.8,.600,0.3,0.7,.500,0.2,0.2,1.000,.800,0.0,0.0,,0.0,0.3,0.3,0.2,0.0,0.0,0.0,0.3,1.3
247,237,Jonathan Kuminga,PF,20,GSW,11,1,14.1,1.8,4.3,.426,0.4,1.4,.267,1.5,2.9,.500,.468,1.2,1.4,.867,0.5,1.3,1.8,0.7,0.3,0.3,1.2,1.8,5.2
248,238,Kyle Kuzma,PF,27,WAS,14,14,32.9,6.8,14.9,.455,2.0,6.3,.318,4.8,8.6,.554,.522,2.8,3.8,.736,0.9,7.1,7.9,2.7,0.2,0.6,2.3,2.6,18.4
249,239,Anthony Lamb,SF,25,GSW,6,1,20.5,3.5,5.7,.618,2.0,3.7,.545,1.5,2.0,.750,.794,0.0,0.0,,0.7,2.5,3.2,1.7,0.7,0.0,0.8,2.5,9.0
250,240,Jock Landale,C,27,PHO,13,0,14.9,2.8,5.8,.493,0.2,1.8,.125,2.6,3.9,.667,.513,1.5,1.8,.792,1.8,2.6,4.4,0.8,0.3,0.8,0.7,2.5,7.4
252,241,Romeo Langford,SG,23,SAS,7,2,16.3,1.9,4.4,.419,0.1,1.0,.143,1.7,3.4,.500,.435,0.4,0.6,.750,1.4,0.6,2.0,0.4,0.4,0.3,0.7,1.4,4.3
253,242,Jake LaRavia,PF,21,MEM,11,0,18.7,1.9,4.3,.447,1.2,2.8,.419,0.7,1.5,.500,.585,0.5,0.5,1.000,0.8,2.8,3.6,0.7,0.5,0.3,0.8,2.5,5.5
254,243,Zach LaVine,SG,27,CHI,10,10,33.8,7.6,17.1,.444,3.0,7.8,.385,4.6,9.3,.495,.532,3.7,4.4,.841,0.5,3.4,3.9,4.1,1.3,0.1,2.2,2.5,21.9
255,244,Damion Lee,SG,30,PHO,13,0,19.2,2.2,5.3,.420,1.6,3.5,.457,0.6,1.8,.348,.572,0.9,1.1,.857,0.4,2.1,2.5,1.1,0.6,0.0,0.5,1.5,7.0
256,245,Alex Len,C,29,SAC,4,0,3.3,0.5,0.8,.667,0.0,0.0,,0.5,0.8,.667,.667,0.3,0.5,.500,0.0,0.8,0.8,0.0,0.0,0.0,0.0,0.5,1.3
257,246,Kawhi Leonard,SF,31,LAC,2,0,21.0,4.0,9.0,.444,0.5,3.0,.167,3.5,6.0,.583,.472,4.0,4.5,.889,2.0,4.5,6.5,2.0,1.5,0.0,2.0,2.5,12.5
258,247,Caris LeVert,SG,28,CLE,13,13,34.7,4.7,12.0,.391,1.9,4.5,.424,2.8,7.5,.371,.471,2.5,3.2,.780,1.2,3.5,4.8,5.3,0.8,0.2,2.1,2.6,13.8
259,248,Damian Lillard,PG,32,POR,9,9,35.9,8.2,17.9,.460,3.7,9.7,.379,4.6,8.2,.554,.562,7.8,9.0,.864,1.0,3.7,4.7,6.6,0.6,0.3,4.2,1.6,27.9
260,249,Nassir Little,PF,22,POR,14,0,15.1,2.4,4.5,.524,0.9,2.1,.433,1.4,2.4,.606,.627,0.6,1.0,.643,0.3,2.2,2.5,0.9,0.4,0.1,0.7,0.7,6.3
261,250,Isaiah Livers,PF,24,DET,13,0,19.2,1.8,4.9,.359,1.5,4.0,.365,0.3,0.9,.333,.508,0.9,1.2,.750,0.8,2.0,2.8,0.6,0.3,0.5,0.5,2.0,5.9
262,251,Kenneth Lofton Jr.,PF,20,MEM,3,0,4.7,1.3,3.0,.444,0.0,0.3,.000,1.3,2.7,.500,.444,0.3,1.0,.333,0.3,0.3,0.7,0.3,0.0,0.0,0.0,1.0,3.0
263,252,Kevon Looney,C,26,GSW,14,14,24.0,2.8,4.6,.609,0.0,0.0,,2.8,4.6,.609,.609,0.6,1.0,.643,2.3,4.6,6.9,3.2,0.4,0.5,0.5,3.1,6.2
264,253,Brook Lopez,C,34,MIL,13,13,31.5,5.8,12.2,.481,2.2,6.2,.346,3.7,5.9,.623,.570,1.6,2.0,.808,2.1,4.2,6.3,1.0,0.6,2.5,1.6,2.5,15.5
265,254,Robin Lopez,C,34,CLE,8,0,9.4,1.6,2.3,.722,0.0,0.0,,1.6,2.3,.722,.722,0.5,0.8,.667,0.9,0.8,1.6,0.4,0.0,0.3,0.5,0.9,3.8
266,255,Kevin Love,PF,34,CLE,13,1,21.2,3.7,8.7,.425,2.5,6.2,.407,1.2,2.5,.469,.571,2.2,2.6,.853,1.0,6.5,7.5,2.6,0.2,0.2,1.2,1.3,12.2
267,256,Kyle Lowry,PG,36,MIA,14,14,35.3,3.9,9.9,.399,2.1,6.2,.345,1.8,3.6,.490,.507,3.1,3.5,.898,0.6,4.1,4.7,5.8,1.1,0.4,2.2,2.6,13.1
268,257,Trey Lyles,PF,27,SAC,11,0,14.6,2.2,5.7,.381,1.5,4.3,.362,0.6,1.5,.438,.516,0.6,1.0,.636,0.6,2.0,2.6,0.9,0.4,0.5,1.1,1.2,6.5
269,258,Th?o Maledon,PG,21,CHO,14,0,14.1,1.7,3.1,.545,0.6,1.4,.400,1.1,1.7,.667,.636,0.8,0.9,.846,0.1,2.1,2.1,2.2,0.5,0.2,1.1,1.1,4.8
270,259,Sandro Mamukelashvili,C,23,MIL,5,0,5.0,0.6,2.0,.300,0.2,1.0,.200,0.4,1.0,.400,.350,0.0,0.0,,0.4,1.0,1.4,0.2,0.0,0.0,0.2,0.2,1.4
271,260,Terance Mann,SG,26,LAC,15,5,18.1,2.7,4.7,.586,0.3,1.5,.227,2.4,3.2,.750,.621,0.8,1.2,.667,0.5,2.5,3.0,1.5,0.5,0.3,0.8,1.7,6.6
273,261,Tre Mann,PG,21,OKC,13,4,24.1,4.2,10.5,.401,1.8,5.5,.333,2.4,5.0,.477,.489,0.8,1.2,.625,0.8,2.3,3.1,2.2,0.9,0.1,1.0,1.8,11.1
274,262,Boban Marjanovi?,C,34,HOU,6,0,3.2,0.3,0.7,.500,0.0,0.0,,0.3,0.7,.500,.500,0.5,0.8,.600,0.2,0.8,1.0,0.2,0.2,0.0,0.3,0.2,1.2
275,263,Lauri Markkanen,SF,25,UTA,16,16,32.8,7.9,15.2,.523,2.1,5.9,.347,5.9,9.3,.635,.591,3.3,4.0,.828,2.3,6.2,8.4,2.3,0.5,1.0,2.0,1.9,21.3
276,264,Naji Marshall,SF,25,NOP,14,4,20.1,2.5,5.9,.427,0.7,2.1,.345,1.8,3.8,.472,.488,1.0,1.4,.737,0.9,2.3,3.2,1.6,0.6,0.2,1.0,1.4,6.7
277,265,Caleb Martin,PF,27,MIA,13,13,29.0,3.5,7.8,.441,1.1,2.6,.412,2.4,5.2,.456,.510,0.6,0.8,.727,1.9,2.5,4.5,1.8,1.3,0.2,0.8,2.0,8.6
278,266,Cody Martin,SF,27,CHO,1,0,1.0,0.0,0.0,,0.0,0.0,,0.0,0.0,,,0.0,0.0,,0.0,0.0,0.0,0.0,0.0,0.0,0.0,0.0,0.0
279,267,Kenyon Martin Jr.,SF,22,HOU,14,3,25.1,4.2,8.1,.518,1.1,3.5,.327,3.1,4.6,.662,.588,1.4,2.1,.667,1.3,3.7,5.0,1.6,0.4,0.6,1.2,2.1,11.0
280,268,Tyrese Martin,SG,23,ATL,6,0,2.5,0.5,0.8,.600,0.2,0.3,.500,0.3,0.5,.667,.700,0.0,0.0,,0.2,0.0,0.2,0.0,0.2,0.0,0.0,0.2,1.2
281,269,Garrison Mathews,SG,26,HOU,13,0,11.8,1.1,3.2,.333,1.1,3.2,.341,0.0,0.1,.000,.500,0.6,0.6,1.000,0.1,0.8,0.8,0.4,0.3,0.1,0.4,1.2,3.8
282,270,Bennedict Mathurin,SG,20,IND,12,0,28.2,6.1,13.3,.456,2.8,6.3,.453,3.3,7.1,.459,.563,4.9,5.9,.831,1.3,2.7,3.9,2.3,0.4,0.1,2.4,2.3,19.9
283,271,Wesley Matthews,SG,36,MIL,13,0,16.3,1.1,3.7,.292,0.8,2.8,.297,0.2,0.8,.273,.406,0.4,0.5,.833,1.0,1.3,2.3,0.6,0.7,0.3,0.5,1.7,3.4
284,272,Tyrese Maxey,SG,22,PHI,14,14,37.5,8.4,18.6,.448,2.9,7.0,.408,5.5,11.6,.472,.525,3.2,4.3,.750,0.4,3.0,3.4,4.4,1.1,0.2,2.1,2.5,22.8
285,273,Miles McBride,PG,22,NYK,4,0,2.5,0.0,0.5,.000,0.0,0.5,.000,0.0,0.0,,.000,0.0,0.5,.000,0.0,0.0,0.0,0.5,0.0,0.0,0.0,0.3,0.0
286,274,CJ McCollum,SG,31,NOP,14,14,36.0,7.4,18.6,.398,2.2,7.1,.313,5.2,11.6,.451,.458,1.6,2.1,.767,1.0,4.3,5.3,6.5,1.3,0.6,2.1,1.9,18.7
287,275,T.J. McConnell,PG,30,IND,11,0,15.9,1.8,4.8,.377,0.0,0.2,.000,1.8,4.6,.392,.377,0.2,0.3,.667,0.5,1.7,2.3,3.3,1.2,0.3,1.6,1.2,3.8
288,276,Jaden McDaniels,PF,22,MIN,14,14,29.6,4.4,7.8,.560,0.9,2.6,.361,3.4,5.2,.658,.619,1.6,2.1,.759,1.4,1.9,3.4,1.1,1.2,1.3,1.5,3.8,11.2
289,277,Jalen McDaniels,SF,25,CHO,15,1,26.3,3.7,8.3,.440,1.3,3.3,.400,2.3,5.0,.467,.520,1.2,1.4,.857,1.1,3.9,5.0,2.3,1.1,0.7,1.3,2.6,9.9
290,278,Doug McDermott,SF,31,SAS,15,0,20.9,3.5,8.1,.430,1.9,4.9,.397,1.5,3.2,.479,.550,0.7,1.0,.667,0.3,1.7,1.9,1.2,0.1,0.2,1.1,1.6,9.5
291,279,JaVale McGee,C,35,DAL,10,7,9.4,1.6,3.2,.500,0.0,0.0,,1.6,3.2,.500,.500,1.0,1.7,.588,1.1,1.9,3.0,0.2,0.3,0.5,1.1,1.0,4.2
292,280,Bryce McGowens,SG,20,CHO,5,0,6.0,1.0,1.8,.556,0.2,0.6,.333,0.8,1.2,.667,.611,1.0,1.0,1.000,0.0,0.4,0.4,0.2,0.4,0.2,0.2,0.2,3.2
294,281,Rodney McGruder,SG,31,DET,5,0,4.2,0.2,1.4,.143,0.2,0.8,.250,0.0,0.6,.000,.214,0.4,0.4,1.000,0.4,0.4,0.8,0.2,0.0,0.0,0.0,0.2,1.0
295,282,Jordan McLaughlin,PG,26,MIN,12,0,15.6,1.3,3.3,.375,0.2,1.6,.105,1.1,1.8,.619,.400,0.5,0.5,1.000,0.3,1.7,2.0,3.8,0.5,0.1,0.7,0.5,3.2
296,283,De'Anthony Melton,PG,24,PHI,12,5,24.4,3.5,8.1,.433,1.3,4.0,.333,2.2,4.1,.531,.515,0.4,0.6,.714,1.2,3.1,4.3,2.7,1.6,0.5,0.9,1.6,8.8
297,284,Chimezie Metu,C,25,SAC,9,0,12.0,1.9,3.9,.486,0.1,1.2,.091,1.8,2.7,.667,.500,0.6,0.7,.833,0.3,2.3,2.7,0.9,0.4,0.1,0.7,1.0,4.4
298,285,Patty Mills,PG,34,BRK,15,0,12.3,1.7,4.1,.410,1.3,3.2,.396,0.4,0.9,.462,.566,0.7,0.7,1.000,0.3,0.6,0.9,0.9,0.2,0.1,0.2,0.5,5.3
299,286,Shake Milton,SG,26,PHI,10,0,12.4,1.7,3.7,.459,0.1,0.7,.143,1.6,3.0,.533,.473,0.4,0.6,.667,0.5,1.5,2.0,1.4,0.0,0.2,1.2,1.4,3.9
300,287,Davion Mitchell,PG,24,SAC,13,1,18.6,2.8,5.8,.474,1.0,2.9,.342,1.8,2.9,.605,.559,0.3,0.5,.667,0.1,1.2,1.2,1.8,0.5,0.1,1.3,1.7,6.8
301,288,Donovan Mitchell,SG,26,CLE,11,11,39.1,11.2,21.8,.513,4.2,9.6,.434,7.0,12.2,.575,.608,5.1,5.8,.875,1.0,3.7,4.7,6.1,1.4,0.6,3.4,2.9,31.6
302,289,Evan Mobley,PF,21,CLE,13,13,33.9,6.0,10.8,.553,0.2,0.8,.182,5.8,10.0,.585,.560,2.6,3.7,.708,2.4,5.2,7.5,2.2,0.9,1.4,2.4,3.1,14.8
303,290,Isaiah Mobley,PF,23,CLE,1,0,4.0,1.0,1.0,1.000,1.0,1.0,1.000,0.0,0.0,,1.500,0.0,0.0,,0.0,1.0,1.0,0.0,0.0,0.0,0.0,1.0,3.0
304,291,Chima Moneke,SF,27,SAC,1,0,6.0,0.0,1.0,.000,0.0,0.0,,0.0,1.0,.000,.000,0.0,2.0,.000,2.0,0.0,2.0,1.0,0.0,0.0,0.0,2.0,0.0
305,292,Malik Monk,SG,24,SAC,13,0,21.5,4.0,9.3,.430,1.9,5.2,.368,2.1,4.1,.509,.533,2.2,2.3,.933,0.5,1.8,2.3,4.4,0.4,0.3,1.7,1.7,12.1
306,293,Moses Moody,SG,20,GSW,12,1,17.7,2.2,5.3,.413,1.2,3.3,.359,1.0,2.0,.500,.524,1.1,1.3,.813,0.4,1.8,2.2,0.8,0.5,0.4,1.3,1.1,6.6
307,294,Wendell Moore Jr.,SG,21,MIN,1,0,2.0,0.0,1.0,.000,0.0,1.0,.000,0.0,0.0,,.000,0.0,0.0,,0.0,0.0,0.0,0.0,0.0,0.0,1.0,0.0,0.0
308,295,Ja Morant,PG,23,MEM,13,13,33.2,10.3,21.5,.480,2.1,5.2,.403,8.2,16.3,.505,.529,6.6,8.5,.782,1.2,4.9,6.2,6.8,1.2,0.3,3.9,1.8,29.3
309,296,Marcus Morris,PF,33,LAC,13,13,31.3,6.0,11.7,.513,2.2,5.5,.403,3.8,6.2,.613,.609,0.8,0.8,.909,0.5,5.2,5.7,2.3,0.9,0.3,1.0,2.5,15.0
310,297,Markieff Morris,PF,33,BRK,8,0,9.6,0.9,2.8,.318,0.8,1.9,.400,0.1,0.9,.143,.455,0.0,0.0,,0.3,1.8,2.0,1.1,0.3,0.3,0.9,1.3,2.5
311,298,Monte Morris,PG,27,WAS,14,14,27.6,3.4,8.1,.416,0.9,2.8,.333,2.4,5.3,.459,.473,1.1,1.5,.714,0.5,3.4,3.9,5.1,0.7,0.3,0.9,1.1,8.7
312,299,Trey Murphy III,SF,22,NOP,14,5,28.4,3.9,8.4,.466,2.2,5.5,.403,1.7,2.9,.585,.597,1.5,1.6,.955,1.2,3.1,4.3,1.4,0.9,0.4,0.7,1.8,11.6
313,300,Dejounte Murray,SG,26,ATL,14,14,36.6,8.6,19.1,.453,1.9,5.8,.321,6.8,13.3,.511,.502,2.4,2.7,.868,0.9,5.6,6.4,7.8,2.1,0.4,2.3,1.8,21.5
315,301,Jamal Murray,PG,25,DEN,12,12,28.7,6.5,14.8,.438,1.6,4.6,.345,4.9,10.3,.480,.492,1.6,2.2,.731,0.7,2.8,3.5,4.3,1.0,0.0,2.1,0.8,16.2
316,302,Keegan Murray,SF,22,SAC,12,10,30.3,4.6,10.2,.451,2.3,6.0,.375,2.3,4.2,.560,.561,0.6,0.8,.778,0.7,3.0,3.7,1.1,1.0,0.8,1.6,2.3,12.0
317,303,Mike Muscala,C,31,OKC,11,1,13.8,2.5,5.6,.435,1.2,3.6,.325,1.3,2.0,.636,.540,1.0,1.3,.786,0.6,3.5,4.2,0.7,0.0,0.5,0.5,1.7,7.1
318,304,Svi Mykhailiuk,SF,25,NYK,3,0,2.0,1.0,1.0,1.000,1.0,1.0,1.000,0.0,0.0,,1.500,0.0,0.3,.000,0.0,0.7,0.7,0.0,0.0,0.0,0.3,0.0,3.0
319,305,Larry Nance Jr.,PF,30,NOP,13,0,23.8,4.5,6.5,.682,0.4,0.7,.556,4.1,5.8,.697,.712,0.8,1.1,.714,1.8,4.0,5.8,2.2,0.8,0.6,1.1,2.2,10.1
320,306,Andrew Nembhard,SG,23,IND,11,3,20.1,2.5,5.8,.422,1.3,3.2,.400,1.2,2.6,.448,.531,0.5,0.5,1.000,0.4,1.9,2.3,3.4,0.7,0.1,1.1,2.2,6.6
321,307,Aaron Nesmith,SF,23,IND,8,4,21.1,2.8,6.6,.415,1.1,3.5,.321,1.6,3.1,.520,.500,1.1,1.4,.818,0.4,2.9,3.3,1.8,0.3,0.9,1.1,2.8,7.8
322,308,Raul Neto,PG,30,CLE,8,0,11.4,1.3,3.1,.400,0.4,1.1,.333,0.9,2.0,.438,.460,0.8,0.8,1.000,0.3,1.3,1.5,1.6,0.5,0.0,0.5,0.8,3.6
323,309,Georges Niang,PF,29,PHI,14,0,18.1,2.9,6.1,.471,2.1,4.8,.448,0.7,1.3,.556,.647,0.5,0.5,1.000,0.2,1.6,1.9,0.7,0.4,0.4,0.7,1.8,8.4
324,310,Daishen Nix,PG,20,HOU,12,0,13.9,1.2,3.1,.378,0.9,2.1,.440,0.3,1.0,.250,.527,0.3,0.3,.750,0.3,1.1,1.3,2.3,0.8,0.1,1.4,0.8,3.5
325,311,Zeke Nnaji,PF,22,DEN,8,0,3.9,0.9,1.6,.538,0.0,0.4,.000,0.9,1.3,.700,.538,0.3,0.3,1.000,0.5,0.4,0.9,0.0,0.3,0.0,0.3,1.1,2.0
326,312,Nerlens Noel,C,28,DET,4,0,13.5,1.0,3.0,.333,0.0,0.0,,1.0,3.0,.333,.333,0.8,1.0,.750,0.5,3.3,3.8,0.8,0.8,0.3,0.8,1.3,2.8
327,313,Jaylen Nowell,SG,23,MIN,14,0,18.1,4.3,10.3,.417,1.2,3.9,.309,3.1,6.4,.483,.476,1.1,1.4,.789,0.6,2.2,2.8,2.3,0.5,0.1,0.9,1.5,10.9
328,314,Frank Ntilikina,PG,24,DAL,1,0,4.0,0.0,3.0,.000,0.0,3.0,.000,0.0,0.0,,.000,0.0,0.0,,0.0,2.0,2.0,1.0,0.0,0.0,0.0,0.0,0.0
329,315,Kendrick Nunn,PG,27,LAL,11,2,13.5,1.9,6.2,.309,0.7,3.2,.229,1.2,3.0,.394,.368,0.2,0.3,.667,0.1,1.4,1.5,1.3,0.2,0.1,1.4,0.9,4.7
330,316,Jusuf Nurki?,C,28,POR,11,11,28.2,4.7,9.6,.491,0.5,1.0,.545,4.2,8.6,.484,.519,2.6,3.1,.853,3.0,7.6,10.6,2.4,0.8,0.7,2.4,3.0,12.6
331,317,Jordan Nwora,SF,24,MIL,13,1,18.2,2.0,6.6,.302,1.0,3.3,.302,1.0,3.3,.302,.378,1.2,1.2,1.000,0.8,3.3,4.2,1.0,0.3,0.1,0.8,1.2,6.2
332,318,Royce O'Neale,SF,29,BRK,15,15,35.5,3.4,9.2,.370,2.3,5.7,.412,1.1,3.5,.302,.496,0.7,0.9,.714,1.1,3.4,4.5,3.9,1.3,0.6,1.3,3.3,9.8
333,319,Chuma Okeke,PF,24,ORL,14,3,21.0,2.0,4.9,.412,1.1,3.3,.348,0.9,1.6,.545,.529,0.9,1.2,.765,1.4,2.9,4.4,1.6,0.4,0.5,0.6,1.8,6.1
334,320,Josh Okogie,SG,24,PHO,12,0,5.3,0.3,1.2,.286,0.0,0.6,.000,0.3,0.6,.571,.286,0.3,0.5,.667,0.3,0.9,1.2,0.1,0.3,0.2,0.4,0.7,1.0
336,321,Onyeka Okongwu,C,22,ATL,13,0,19.8,3.7,5.5,.667,0.0,0.1,.000,3.7,5.5,.676,.667,0.8,1.2,.667,1.8,3.8,5.6,1.0,0.5,0.8,0.6,3.3,8.2
337,322,Isaac Okoro,SG,22,CLE,13,3,15.8,0.9,2.8,.333,0.1,1.1,.071,0.8,1.7,.500,.347,0.7,0.9,.750,0.4,1.1,1.5,0.4,0.5,0.1,0.8,2.0,2.6
338,323,KZ Okpala,PF,23,SAC,7,3,7.3,0.3,0.9,.333,0.1,0.6,.250,0.1,0.3,.500,.417,0.6,0.6,1.000,0.3,0.6,0.9,0.3,0.0,0.0,0.0,0.9,1.3
339,324,Kelly Olynyk,PF,31,UTA,16,16,26.9,4.5,8.3,.545,1.6,3.2,.490,2.9,5.1,.580,.640,2.6,3.3,.792,1.3,3.5,4.8,3.1,1.3,0.4,2.6,4.4,13.2
340,325,Eugene Omoruyi,SF,25,OKC,6,0,11.5,2.5,4.3,.577,1.0,1.8,.545,1.5,2.5,.600,.692,1.2,1.8,.636,0.8,1.2,2.0,0.3,0.2,0.0,0.7,2.8,7.2
341,326,Cedi Osman,SF,27,CLE,13,0,21.4,3.1,7.0,.440,1.5,3.8,.388,1.6,3.2,.500,.544,1.3,1.8,.708,0.2,2.2,2.4,1.8,0.1,0.1,0.8,2.2,8.9
342,327,Kelly Oubre Jr.,SF,27,CHO,15,15,30.8,6.7,16.3,.410,2.5,7.7,.330,4.1,8.6,.481,.488,2.5,3.5,.698,1.1,3.7,4.8,1.2,1.5,0.3,1.2,3.1,18.3
343,328,Chris Paul,PG,37,PHO,10,10,30.2,2.8,7.6,.368,0.9,3.3,.273,1.9,4.3,.442,.428,3.0,3.4,.882,0.5,4.0,4.5,9.4,1.7,0.2,1.5,2.3,9.5
344,329,Cameron Payne,PG,28,PHO,11,3,21.8,4.5,10.9,.417,1.8,4.7,.385,2.7,6.2,.441,.500,0.9,1.1,.833,0.3,2.3,2.5,3.8,1.0,0.1,1.9,1.7,11.8
345,330,Theo Pinson,SG,27,DAL,2,0,3.5,0.0,0.0,,0.0,0.0,,0.0,0.0,,,1.0,1.0,1.000,0.0,1.0,1.0,0.5,0.0,0.0,0.0,0.0,1.0
346,331,Scotty Pippen Jr.,PG,22,LAL,2,0,4.0,0.0,1.0,.000,0.0,0.0,,0.0,1.0,.000,.000,1.5,2.0,.750,0.5,0.5,1.0,0.0,0.0,0.0,0.5,1.0,1.5
347,332,Mason Plumlee,C,32,CHO,15,15,26.6,3.7,5.9,.636,0.0,0.0,,3.7,5.9,.636,.636,2.2,3.7,.589,2.9,5.9,8.9,4.1,0.6,0.5,1.9,3.4,9.7
348,333,Jakob Poeltl,C,27,SAS,15,15,28.8,5.9,9.0,.659,0.0,0.0,,5.9,9.0,.659,.659,1.5,3.2,.479,3.9,6.2,10.1,3.7,0.9,1.2,2.5,2.2,13.4
349,334,Aleksej Pokusevski,PF,21,OKC,12,8,24.4,4.0,8.7,.462,1.3,3.6,.372,2.7,5.1,.525,.538,0.6,1.1,.538,1.8,4.2,5.9,1.8,0.8,1.7,1.7,1.8,9.9
350,335,Jordan Poole,SG,23,GSW,14,3,28.6,5.8,13.2,.438,2.4,7.0,.347,3.4,6.2,.540,.530,3.1,3.7,.827,0.2,1.6,1.8,4.3,1.2,0.1,3.0,2.4,17.1
351,336,Kevin Porter Jr.,PG,22,HOU,14,14,34.8,6.6,16.1,.409,1.8,5.5,.325,4.8,10.6,.453,.464,4.3,5.9,.732,1.5,4.3,5.8,5.6,1.4,0.3,3.9,3.0,19.2
352,337,Michael Porter Jr.,SF,24,DEN,12,12,29.1,6.5,13.1,.497,3.6,7.4,.483,2.9,5.7,.515,.634,1.4,1.7,.850,1.3,5.1,6.4,1.3,0.7,0.3,1.0,2.9,18.0
353,338,Otto Porter Jr.,SF,29,TOR,8,2,18.3,1.9,3.8,.500,0.8,2.1,.353,1.1,1.6,.692,.600,1.0,1.0,1.000,0.8,1.6,2.4,1.0,1.4,0.0,0.5,0.9,5.5
354,339,Bobby Portis,PF,27,MIL,13,3,26.5,5.4,12.2,.443,1.2,3.9,.314,4.2,8.2,.505,.494,1.4,1.8,.783,2.8,8.2,10.9,2.0,0.4,0.2,1.1,1.5,13.4
355,340,Kristaps Porzi??is,PF,27,WAS,13,13,31.0,7.1,14.5,.489,2.2,5.8,.387,4.8,8.7,.558,.566,4.2,5.2,.806,2.2,5.9,8.2,2.4,0.8,1.4,1.8,3.3,20.5
357,341,Micah Potter,PF,24,UTA,2,0,6.0,1.0,1.0,1.000,0.0,0.0,,1.0,1.0,1.000,1.000,0.0,0.0,,0.5,1.0,1.5,0.5,0.0,0.0,0.0,1.0,2.0
358,342,Dwight Powell,C,31,DAL,10,6,18.8,2.4,3.9,.615,0.0,0.1,.000,2.4,3.8,.632,.615,1.2,1.6,.750,1.7,1.9,3.6,0.7,0.7,0.4,0.7,2.3,6.0
359,343,Norman Powell,SG,29,LAC,15,5,24.7,4.1,9.9,.416,1.1,3.8,.281,3.1,6.1,.500,.470,2.5,3.1,.787,0.3,2.3,2.7,1.4,0.9,0.3,1.9,1.9,11.8
360,344,Jason Preston,PG,23,LAC,1,0,3.0,0.0,1.0,.000,0.0,1.0,.000,0.0,0.0,,.000,0.0,2.0,.000,0.0,0.0,0.0,0.0,0.0,0.0,0.0,0.0,0.0
361,345,Joshua Primo,SG,20,SAS,4,0,23.3,2.3,6.5,.346,0.8,3.0,.250,1.5,3.5,.429,.404,1.8,2.3,.778,0.5,2.8,3.3,4.5,0.3,0.5,2.8,2.0,7.0
362,346,Taurean Prince,SF,28,MIN,14,0,19.9,2.9,5.9,.500,1.4,3.2,.422,1.6,2.6,.595,.616,1.1,1.2,.941,0.4,2.1,2.6,1.1,0.3,0.2,0.9,2.5,8.4
363,347,Payton Pritchard,PG,25,BOS,7,0,10.6,2.1,4.7,.455,0.7,2.1,.333,1.4,2.6,.556,.530,0.3,0.6,.500,1.1,1.0,2.1,1.1,0.4,0.0,1.3,0.4,5.3
364,348,Immanuel Quickley,PG,23,NYK,14,0,21.7,3.1,8.3,.379,1.2,4.0,.304,1.9,4.3,.450,.453,1.6,1.9,.815,0.6,4.2,4.8,3.1,1.4,0.1,1.3,2.0,9.1
365,349,Julius Randle,PF,28,NYK,14,14,33.3,6.8,14.8,.459,1.9,5.8,.333,4.9,9.0,.540,.524,4.9,6.4,.767,2.4,6.4,8.8,3.2,0.6,0.3,3.1,3.5,20.4
366,350,Austin Reaves,SG,24,LAL,13,4,26.9,2.6,5.5,.479,1.0,2.8,.361,1.6,2.7,.600,.570,2.2,2.5,.879,0.7,2.5,3.2,1.6,0.5,0.3,1.1,1.2,8.5
367,351,Cam Reddish,SF,23,NYK,14,6,22.1,3.4,7.6,.453,1.1,3.1,.341,2.4,4.4,.532,.524,1.1,1.3,.889,0.3,1.5,1.8,1.1,0.7,0.5,0.8,1.6,9.1
368,352,Davon Reed,SG,27,DEN,9,0,5.8,0.6,1.7,.333,0.4,0.8,.571,0.1,0.9,.125,.467,0.1,0.2,.500,0.0,0.4,0.4,0.1,0.3,0.0,0.9,0.6,1.7
369,353,Paul Reed,C,23,PHI,11,0,7.2,0.3,1.2,.231,0.0,0.2,.000,0.3,1.0,.273,.231,0.0,0.0,,0.5,1.2,1.6,0.1,1.0,0.5,0.3,1.8,0.5
370,354,Naz Reid,C,23,MIN,9,0,13.1,3.4,5.9,.585,0.7,2.2,.300,2.8,3.7,.758,.642,0.9,1.3,.667,0.7,2.0,2.7,0.3,0.4,0.8,0.8,1.9,8.4
371,355,Nick Richards,C,25,CHO,15,0,19.1,3.7,5.7,.647,0.0,0.0,,3.7,5.7,.647,.647,2.5,3.3,.740,2.8,3.1,5.9,0.8,0.1,0.8,0.8,2.2,9.8
372,356,Josh Richardson,SG,29,SAS,14,2,23.4,3.5,8.7,.402,1.8,5.0,.357,1.7,3.7,.462,.504,1.9,2.2,.839,0.3,2.0,2.3,3.1,0.6,0.1,1.9,2.0,10.6
373,357,Austin Rivers,SG,30,MIN,7,0,6.3,0.3,1.3,.222,0.1,0.7,.200,0.1,0.6,.250,.278,0.6,0.6,1.000,0.0,0.6,0.6,0.3,0.0,0.1,0.1,0.1,1.3
374,358,Duncan Robinson,SF,28,MIA,14,0,17.6,2.3,6.5,.352,1.5,4.9,.309,0.8,1.6,.478,.467,0.6,0.7,.900,0.2,2.0,2.2,1.3,0.1,0.0,0.5,1.7,6.7
375,359,Mitchell Robinson,C,24,NYK,8,8,21.8,2.9,4.1,.697,0.0,0.0,,2.9,4.1,.697,.697,0.8,1.8,.429,3.5,2.9,6.4,1.0,0.4,2.3,0.6,3.6,6.5
376,360,Jeremiah Robinson-Earl,PF,22,OKC,13,10,17.9,3.1,6.0,.513,1.3,3.0,.436,1.8,3.0,.590,.622,0.5,0.8,.636,1.2,2.8,4.0,0.7,0.8,0.3,0.5,2.1,8.0
378,361,Isaiah Roby,PF,24,SAS,10,0,10.2,1.4,3.4,.412,0.3,1.2,.250,1.1,2.2,.500,.456,0.4,1.1,.364,0.4,1.7,2.1,1.2,0.5,0.3,0.4,0.8,3.5
379,362,David Roddy,PF,21,MEM,15,0,17.7,2.1,5.7,.372,0.8,3.1,.261,1.3,2.7,.500,.442,0.5,0.7,.700,0.8,1.8,2.6,0.7,0.5,0.3,0.5,1.5,5.5
380,363,Ryan Rollins,PG,20,GSW,5,0,4.2,0.8,1.6,.500,0.4,0.6,.667,0.4,1.0,.400,.625,0.4,0.4,1.000,0.0,0.6,0.6,0.4,0.0,0.0,1.4,1.2,2.4
381,364,Derrick Rose,PG,34,NYK,14,0,13.3,2.4,6.2,.391,0.9,2.5,.343,1.6,3.7,.423,.460,0.5,0.5,1.000,0.3,1.5,1.8,2.2,0.4,0.1,1.1,0.6,6.2
382,365,Terrence Ross,SG,31,ORL,13,8,26.4,3.7,8.3,.444,1.8,4.3,.411,1.9,4.0,.481,.551,0.5,0.7,.667,0.5,2.2,2.7,1.5,0.6,0.2,1.2,2.2,9.6
383,366,Terry Rozier,PG,28,CHO,8,8,35.8,8.0,20.9,.383,3.3,9.8,.333,4.8,11.1,.427,.461,2.0,2.4,.842,1.5,3.6,5.1,5.1,0.6,0.4,2.3,1.4,21.3
384,367,D'Angelo Russell,PG,26,MIN,14,14,30.1,5.1,12.5,.411,1.9,5.9,.329,3.2,6.6,.484,.489,2.2,3.0,.738,0.8,2.6,3.4,6.2,1.3,0.6,3.0,2.0,14.4
385,368,Matt Ryan,SF,25,LAL,10,0,12.2,1.5,4.4,.341,1.3,3.1,.419,0.2,1.3,.154,.489,0.4,0.5,.800,0.2,1.1,1.3,0.3,0.2,0.0,0.3,1.4,4.7
386,369,Domantas Sabonis,PF,26,SAC,13,13,31.7,6.5,11.2,.575,0.2,1.1,.214,6.2,10.2,.614,.586,4.7,6.5,.726,2.5,8.5,11.0,6.3,0.9,0.5,2.3,3.9,17.8
387,370,Dario ?ari?,PF,28,PHO,7,0,9.0,1.0,3.3,.304,0.3,1.3,.222,0.7,2.0,.357,.348,0.1,0.3,.500,1.3,1.6,2.9,0.9,0.4,0.0,0.4,1.1,2.4
388,371,Jordan Schakel,SF,24,WAS,2,0,3.0,0.5,1.0,.500,0.5,0.5,1.000,0.0,0.5,.000,.750,0.0,0.0,,0.0,0.0,0.0,0.5,0.5,0.0,0.0,0.5,1.5
389,372,Admiral Schofield,PF,25,ORL,5,0,6.4,0.6,1.2,.500,0.4,1.0,.400,0.2,0.2,1.000,.667,0.0,0.0,,0.0,1.0,1.0,0.0,0.0,0.0,0.0,1.0,1.6
390,373,Dereon Seabron,SG,22,NOP,2,0,1.5,0.0,0.0,,0.0,0.0,,0.0,0.0,,,0.0,0.0,,0.0,0.0,0.0,0.0,0.0,0.0,0.0,0.0,0.0
391,374,Alperen ?eng?n,C,20,HOU,12,9,26.5,5.8,10.2,.574,0.3,1.3,.200,5.6,8.9,.626,.586,4.2,5.3,.781,3.5,5.2,8.7,1.9,0.7,0.9,2.1,3.5,16.1
392,375,Collin Sexton,SG,24,UTA,16,1,21.8,4.5,9.7,.465,1.1,2.9,.370,3.4,6.8,.505,.519,3.3,4.1,.800,0.9,1.9,2.8,1.9,0.7,0.1,1.6,2.2,13.3
393,376,Landry Shamet,SG,25,PHO,9,0,16.2,2.2,5.6,.400,1.3,3.7,.364,0.9,1.9,.471,.520,1.2,1.4,.846,0.2,0.4,0.7,1.2,0.6,0.1,0.9,1.3,7.0
394,377,Day'Ron Sharpe,C,21,BRK,11,0,9.2,1.0,2.3,.440,0.1,0.2,.500,0.9,2.1,.435,.460,0.7,1.1,.667,0.9,2.3,3.2,0.8,0.3,0.5,0.7,2.0,2.8
395,378,Shaedon Sharpe,SG,19,POR,13,4,21.0,3.8,7.1,.533,1.1,2.3,.467,2.7,4.8,.565,.609,0.7,1.0,.692,0.8,1.8,2.5,0.4,0.3,0.3,0.7,2.1,9.3
396,379,Pascal Siakam,C,28,TOR,9,9,35.7,8.9,18.6,.479,1.4,4.2,.342,7.4,14.3,.519,.518,5.6,7.7,.725,1.8,7.6,9.3,7.7,0.9,0.6,2.7,3.1,24.8
397,380,Ben Simmons,PG,26,BRK,10,6,26.6,2.5,5.2,.481,0.0,0.1,.000,2.5,5.1,.490,.481,0.8,1.7,.471,1.0,5.1,6.1,5.6,1.1,0.5,2.2,3.7,5.8
399,381,Marko Simonovic,C,23,CHI,1,0,2.0,0.0,1.0,.000,0.0,1.0,.000,0.0,0.0,,.000,0.0,0.0,,0.0,0.0,0.0,0.0,0.0,0.0,0.0,0.0,0.0
400,382,Anfernee Simons,SG,23,POR,12,12,35.9,7.7,18.2,.422,3.9,10.4,.376,3.8,7.8,.484,.530,3.1,3.6,.860,0.4,2.6,3.0,3.9,0.8,0.2,2.3,2.2,22.3
401,383,Jericho Sims,C,24,NYK,9,2,12.4,1.8,2.0,.889,0.0,0.0,,1.8,2.0,.889,.889,0.2,0.3,.667,2.0,2.1,4.1,0.3,0.2,0.7,0.2,2.2,3.8
402,384,Marcus Smart,PG,28,BOS,14,14,32.7,4.1,9.7,.419,1.5,5.1,.292,2.6,4.6,.563,.496,1.7,2.1,.828,0.3,2.9,3.2,7.1,1.1,0.3,1.6,3.1,11.4
403,385,Dennis Smith Jr.,PG,25,CHO,13,11,29.5,4.5,9.6,.464,0.8,2.2,.357,3.7,7.5,.495,.504,0.5,0.8,.545,0.7,2.9,3.6,6.2,1.9,0.6,1.6,2.5,10.2
404,386,Dru Smith,SG,25,MIA,1,0,6.0,1.0,3.0,.333,0.0,2.0,.000,1.0,1.0,1.000,.333,0.0,0.0,,0.0,1.0,1.0,0.0,1.0,0.0,0.0,1.0,2.0
405,387,Ish Smith,PG,34,DEN,5,0,4.6,0.4,1.6,.250,0.0,0.2,.000,0.4,1.4,.286,.250,0.0,0.0,,0.0,0.4,0.4,0.4,0.0,0.2,0.8,0.8,0.8
406,388,Jabari Smith Jr.,PF,19,HOU,13,13,29.5,3.3,10.5,.316,1.7,5.7,.297,1.6,4.8,.339,.397,1.8,2.2,.821,1.5,5.2,6.7,0.8,0.4,1.0,1.2,3.6,10.1
407,389,Jalen Smith,PF,22,IND,12,12,23.8,4.2,9.4,.442,1.3,4.1,.327,2.8,5.3,.531,.513,1.3,2.0,.667,1.8,5.8,7.6,1.1,0.2,0.8,1.6,2.3,11.0
408,390,Jeremy Sochan,PF,19,SAS,14,14,24.1,3.2,6.6,.484,0.4,2.4,.182,2.8,4.3,.650,.516,0.6,0.9,.667,1.1,2.9,4.0,1.6,0.9,0.6,1.1,2.6,7.4
409,391,Jaden Springer,PG,20,PHI,2,0,2.0,1.0,1.5,.667,0.0,0.0,,1.0,1.5,.667,.667,0.5,1.0,.500,0.5,0.5,1.0,0.0,0.0,0.5,0.0,0.5,2.5
410,392,Lamar Stevens,PF,25,CLE,4,1,13.3,1.8,3.8,.467,0.0,0.5,.000,1.8,3.3,.538,.467,1.8,2.0,.875,0.5,1.3,1.8,0.3,0.0,0.3,0.3,1.5,5.3
411,393,Isaiah Stewart,C,21,DET,15,15,27.1,3.8,8.0,.475,1.2,3.6,.333,2.6,4.4,.591,.550,3.2,4.3,.738,2.9,6.5,9.3,1.3,0.5,0.7,1.1,3.0,12.0
412,394,Max Strus,SF,26,MIA,14,7,32.9,5.4,11.8,.455,3.0,7.9,.378,2.4,3.9,.611,.582,1.0,1.2,.824,0.7,3.1,3.9,1.9,0.8,0.4,1.0,2.6,14.7
413,395,Jalen Suggs,PG,21,ORL,9,8,29.0,4.4,10.6,.421,1.1,4.3,.256,3.3,6.2,.536,.474,1.8,2.9,.615,0.7,2.3,3.0,5.1,1.7,0.4,3.3,3.9,11.8
414,396,Edmond Sumner,SG,27,BRK,13,7,17.6,2.8,6.5,.429,0.8,2.6,.294,2.0,3.8,.520,.488,2.3,2.4,.968,0.3,1.5,1.8,1.5,1.1,0.3,1.3,1.5,8.6
415,397,Cole Swider,SF,23,LAL,1,0,2.0,0.0,1.0,.000,0.0,1.0,.000,0.0,0.0,,.000,0.0,0.0,,0.0,1.0,1.0,1.0,0.0,0.0,0.0,0.0,0.0
416,398,Jae'Sean Tate,SF,27,HOU,3,2,22.7,3.3,6.7,.500,0.7,1.7,.400,2.7,5.0,.533,.550,1.0,1.3,.750,2.7,1.7,4.3,3.3,1.0,0.0,1.7,5.0,8.3
417,399,Jayson Tatum,PF,24,BOS,14,14,37.5,10.3,20.9,.491,3.5,9.5,.368,6.8,11.4,.594,.575,7.9,9.1,.866,0.8,6.6,7.4,3.9,0.9,1.4,2.4,2.2,31.9
418,400,Terry Taylor,SG,23,IND,8,2,11.8,0.9,2.6,.333,0.3,1.0,.250,0.6,1.6,.385,.381,0.4,0.5,.750,0.8,1.1,1.9,0.6,0.3,0.5,0.1,1.1,2.4
420,401,Garrett Temple,SG,36,NOP,2,0,10.5,1.0,2.0,.500,1.0,2.0,.500,0.0,0.0,,.750,0.0,0.0,,0.0,0.5,0.5,0.5,0.5,0.0,0.0,1.0,3.0
421,402,Dalen Terry,SG,20,CHI,8,0,3.5,0.4,1.3,.300,0.1,0.4,.333,0.3,0.9,.286,.350,0.3,0.3,1.000,0.0,0.3,0.3,0.5,0.1,0.3,0.5,0.3,1.1
422,403,Cam Thomas,SG,21,BRK,10,0,19.5,2.9,7.2,.403,0.6,1.7,.353,2.3,5.5,.418,.444,3.2,3.8,.842,0.1,1.7,1.8,2.3,0.8,0.2,1.0,1.0,9.6
423,404,Klay Thompson,SG,32,GSW,11,11,28.5,5.4,15.3,.351,3.2,9.6,.330,2.2,5.6,.387,.455,0.8,1.1,.750,0.3,3.1,3.4,2.5,0.5,0.5,1.6,1.7,14.7
424,405,JT Thor,PF,20,CHO,13,0,11.0,0.9,2.9,.316,0.3,1.5,.200,0.6,1.4,.444,.368,0.5,0.7,.778,0.6,1.5,2.2,0.6,0.2,0.4,0.7,0.5,2.7
425,406,Matisse Thybulle,SG,25,PHI,13,3,13.1,0.6,2.1,.296,0.2,1.2,.188,0.4,0.8,.455,.352,0.1,0.2,.333,0.3,1.2,1.5,0.6,1.0,0.4,0.2,1.3,1.5
426,407,Xavier Tillman Sr.,PF,24,MEM,8,0,11.4,1.5,2.9,.522,0.1,0.5,.250,1.4,2.4,.579,.543,0.4,1.1,.333,1.4,1.5,2.9,0.8,0.0,0.3,0.9,1.0,3.5
427,408,Isaiah Todd,PF,21,WAS,3,0,3.0,0.3,1.0,.333,0.0,0.7,.000,0.3,0.3,1.000,.333,0.0,0.0,,0.0,0.0,0.0,0.0,0.0,0.0,0.0,0.0,0.7
428,409,Obi Toppin,PF,24,NYK,14,0,17.8,3.8,7.7,.491,1.8,4.2,.424,2.0,3.5,.571,.606,0.6,0.6,1.000,0.9,3.2,4.1,1.3,0.6,0.2,1.0,0.9,10.0
429,410,Juan Toscano-Anderson,SF,29,LAL,10,0,12.3,1.0,2.5,.400,0.2,1.1,.182,0.8,1.4,.571,.440,0.4,0.5,.800,0.1,2.0,2.1,0.5,0.3,0.3,0.8,1.7,2.6
430,411,Karl-Anthony Towns,PF,27,MIN,14,14,34.3,7.6,14.7,.515,2.1,5.6,.367,5.5,9.1,.606,.585,4.1,4.6,.891,1.9,7.4,9.3,5.2,0.6,0.6,2.9,3.9,21.3
431,412,Gary Trent Jr.,SG,24,TOR,14,14,32.0,5.8,13.9,.415,2.2,6.8,.326,3.6,7.1,.500,.495,2.8,3.6,.780,0.7,1.2,1.9,1.4,1.4,0.2,1.0,1.3,16.6
432,413,P.J. Tucker,PF,37,PHI,14,14,28.4,1.9,3.4,.574,0.8,1.7,.458,1.1,1.6,.696,.691,0.2,0.3,.750,1.3,3.1,4.4,0.8,0.6,0.5,1.1,2.6,4.9
433,414,Myles Turner,C,26,IND,7,7,28.3,5.4,10.7,.507,1.4,3.9,.370,4.0,6.9,.583,.573,5.6,6.6,.848,1.6,7.1,8.7,1.4,0.3,3.1,1.9,3.7,17.9
434,415,Jonas Valan?i?nas,C,30,NOP,14,14,23.6,4.7,9.5,.496,0.4,1.2,.353,4.3,8.3,.517,.519,3.1,3.7,.846,3.1,6.4,9.6,2.1,0.5,0.3,1.5,2.3,13.0
435,416,Jarred Vanderbilt,PF,23,UTA,14,14,24.9,3.4,5.9,.578,0.5,1.1,.438,2.9,4.8,.612,.620,0.8,1.4,.579,2.4,5.9,8.3,2.6,1.3,0.4,1.7,3.5,8.1
436,417,Fred VanVleet,PG,28,TOR,10,10,36.5,6.0,14.7,.408,3.5,8.3,.422,2.5,6.4,.391,.527,2.9,3.5,.829,0.6,3.1,3.7,6.8,2.3,0.7,1.4,2.4,18.4
437,418,Devin Vassell,SG,22,SAS,11,9,31.3,7.3,15.9,.457,3.1,7.4,.420,4.2,8.5,.489,.554,2.0,2.5,.786,0.1,3.8,3.9,3.4,0.8,0.5,1.5,1.3,19.6
438,419,Gabe Vincent,PG,26,MIA,14,0,25.9,3.4,8.5,.403,1.5,4.7,.318,1.9,3.8,.509,.492,1.4,1.7,.833,0.3,2.0,2.3,3.0,0.9,0.1,1.4,2.6,9.8
439,420,Noah Vonleh,C,27,BOS,12,1,10.6,0.8,1.6,.526,0.1,0.2,.500,0.8,1.4,.529,.553,0.2,0.2,1.000,1.3,1.7,3.0,0.3,0.2,0.5,0.8,2.3,1.9
441,421,Nikola Vu?evi?,C,32,CHI,14,14,31.1,6.0,12.8,.469,1.7,4.4,.393,4.3,8.4,.508,.536,2.3,2.5,.914,2.6,8.9,11.5,2.9,0.2,0.8,2.4,2.4,16.0
442,422,Dean Wade,PF,26,CLE,11,4,22.8,2.5,4.6,.529,1.6,3.3,.500,0.8,1.4,.600,.706,0.7,1.0,.727,0.5,2.8,3.3,1.0,0.5,0.4,0.4,2.5,7.3
443,423,Franz Wagner,SF,21,ORL,14,14,34.1,7.5,15.2,.493,0.9,3.8,.245,6.6,11.4,.575,.523,2.7,3.1,.864,1.1,3.1,4.1,4.4,0.8,0.3,2.8,2.2,18.6
444,424,Jabari Walker,SF,20,POR,8,0,9.0,1.1,2.1,.529,0.1,0.6,.200,1.0,1.5,.667,.559,0.5,0.8,.667,0.6,1.9,2.5,1.0,0.1,0.1,0.3,0.8,2.9
445,425,Lonnie Walker IV,SG,24,LAL,11,11,31.1,6.2,13.1,.472,1.8,5.1,.357,4.4,8.0,.545,.542,2.4,2.9,.813,0.5,2.0,2.5,1.7,1.1,0.6,1.1,2.1,16.5
446,426,John Wall,PG,32,LAC,11,0,22.9,5.0,11.3,.444,0.9,3.6,.250,4.1,7.6,.536,.484,2.1,3.5,.590,0.4,2.3,2.6,5.0,1.1,0.3,1.6,1.9,13.0
447,427,Duane Washington Jr.,SG,22,PHO,6,0,6.0,2.0,4.8,.414,1.0,2.7,.375,1.0,2.2,.462,.517,0.0,0.0,,0.0,0.0,0.0,0.8,0.0,0.0,0.3,0.2,5.0
448,428,P.J. Washington,PF,24,CHO,15,15,31.5,5.5,13.0,.426,1.6,5.0,.320,3.9,8.0,.492,.487,1.9,2.4,.778,1.3,3.3,4.5,1.7,0.6,1.1,1.7,2.8,14.5
449,429,TyTy Washington Jr.,PG,21,HOU,1,0,4.0,0.0,0.0,,0.0,0.0,,0.0,0.0,,,1.0,2.0,.500,0.0,0.0,0.0,0.0,0.0,0.0,0.0,0.0,1.0
450,430,Yuta Watanabe,SF,28,BRK,12,0,16.8,2.6,4.4,.585,1.3,2.4,.517,1.3,2.0,.667,.726,0.1,0.3,.333,0.7,1.9,2.6,0.7,0.3,0.6,0.3,1.1,6.5
451,431,Lindy Waters III,SG,25,OKC,2,0,8.0,0.5,3.0,.167,0.5,3.0,.167,0.0,0.0,,.250,0.0,0.0,,0.5,0.5,1.0,0.0,0.0,0.0,0.0,0.0,1.5
452,432,Trendon Watford,PF,22,POR,6,0,17.2,1.7,3.5,.476,0.0,0.7,.000,1.7,2.8,.588,.476,1.5,1.7,.900,0.5,2.5,3.0,2.3,1.0,0.0,1.3,2.5,4.8
453,433,Peyton Watson,SG,20,DEN,4,0,2.3,0.8,1.8,.429,0.0,0.0,,0.8,1.8,.429,.429,0.0,0.0,,0.5,0.3,0.8,0.0,0.0,0.0,0.0,0.3,1.5
454,434,Blake Wesley,SG,19,SAS,2,0,11.5,3.0,4.5,.667,1.0,1.5,.667,2.0,3.0,.667,.778,1.0,2.0,.500,0.5,0.5,1.0,2.0,0.0,0.0,1.0,1.5,8.0
455,435,Russell Westbrook,PG,34,LAL,12,3,29.3,5.7,13.8,.412,1.5,4.4,.340,4.2,9.3,.446,.467,3.5,4.3,.808,1.2,4.3,5.5,7.2,1.2,0.4,3.8,2.7,16.3
456,436,Coby White,PG,22,CHI,7,0,21.9,3.0,7.9,.382,1.4,4.9,.294,1.6,3.0,.524,.473,0.7,1.3,.556,0.1,1.6,1.7,1.7,0.7,0.0,0.9,2.0,8.1
457,437,Derrick White,SG,28,BOS,14,10,25.6,3.0,7.0,.429,1.4,3.6,.400,1.6,3.4,.458,.531,1.5,1.7,.875,0.6,2.6,3.2,3.1,0.7,0.9,0.6,2.9,8.9
458,438,Jack White,SF,25,DEN,2,0,2.0,0.0,0.0,,0.0,0.0,,0.0,0.0,,,0.0,0.0,,0.0,0.5,0.5,0.0,0.5,0.0,0.0,0.0,0.0
459,439,Aaron Wiggins,SG,24,OKC,11,4,20.7,2.1,4.9,.426,0.6,1.8,.350,1.5,3.1,.471,.491,1.0,1.3,.786,0.8,3.2,4.0,1.9,0.5,0.4,0.8,1.7,5.8
460,440,Andrew Wiggins,SF,27,GSW,13,13,33.4,7.1,14.4,.492,2.4,6.2,.388,4.7,8.2,.570,.575,1.8,2.4,.742,1.6,4.2,5.8,2.4,1.4,1.0,1.3,2.8,18.3
462,441,Grant Williams,PF,24,BOS,13,5,28.2,3.2,5.4,.586,1.6,3.3,.488,1.5,2.1,.741,.736,1.4,1.7,.818,0.8,4.2,5.0,1.8,0.7,0.6,0.7,2.6,9.3
463,442,Jalen Williams,SG,21,OKC,10,3,22.8,3.7,6.7,.552,0.5,2.1,.238,3.2,4.6,.696,.590,0.5,0.6,.833,0.3,2.2,2.5,2.4,0.9,0.4,1.3,2.6,8.4
464,443,Jaylin Williams,PF,20,OKC,3,0,7.0,1.3,3.0,.444,0.0,0.7,.000,1.3,2.3,.571,.444,0.0,0.3,.000,1.7,1.7,3.3,0.7,0.3,0.0,0.0,1.0,2.7
465,444,Kenrich Williams,PF,28,OKC,13,2,20.5,2.5,5.2,.485,0.5,1.8,.304,2.0,3.5,.578,.537,0.2,0.7,.333,1.8,2.2,4.1,1.7,0.7,0.2,0.3,1.8,5.8
466,445,Mark Williams,C,21,CHO,3,0,4.3,1.3,2.3,.571,0.0,0.0,,1.3,2.3,.571,.571,1.0,1.0,1.000,1.3,1.3,2.7,0.0,0.0,0.0,0.7,1.0,3.7
467,446,Patrick Williams,PF,21,CHI,14,14,25.1,3.6,7.9,.464,1.1,2.9,.375,2.6,5.0,.514,.532,0.9,1.0,.929,1.2,2.5,3.7,0.8,0.8,1.1,1.5,1.9,9.3
468,447,Vince Williams Jr.,SG,22,MEM,3,0,6.0,0.3,2.0,.167,0.0,1.7,.000,0.3,0.3,1.000,.167,0.0,0.0,,0.3,0.7,1.0,0.7,0.7,0.3,0.0,1.3,0.7
469,448,Zion Williamson,PF,22,NOP,11,11,32.2,9.0,15.9,.566,0.3,0.5,.500,8.7,15.4,.568,.574,5.3,7.4,.716,2.1,4.3,6.4,3.9,1.1,0.3,2.7,2.7,23.5
470,449,Justise Winslow,SF,26,POR,11,4,26.6,3.2,8.1,.393,0.5,1.8,.250,2.7,6.3,.435,.421,1.1,1.6,.667,1.7,3.1,4.8,3.5,1.3,0.5,1.3,2.5,7.9
471,450,James Wiseman,C,21,GSW,11,0,13.4,2.7,4.6,.588,0.0,0.0,,2.7,4.6,.588,.588,1.4,2.1,.652,1.0,2.8,3.8,1.0,0.1,0.4,0.7,2.4,6.8
472,451,Christian Wood,PF,27,DAL,11,0,24.6,5.8,9.9,.587,1.4,3.0,.455,4.5,6.9,.645,.656,2.8,4.4,.646,1.2,6.3,7.5,0.7,0.5,0.5,2.5,2.7,15.8
473,452,Delon Wright,PG,30,WAS,4,0,22.8,2.5,6.0,.417,0.8,3.0,.250,1.8,3.0,.583,.479,0.8,1.3,.600,1.0,1.5,2.5,3.3,2.8,1.0,1.0,1.3,6.5
474,453,McKinley Wright IV,PG,24,DAL,1,0,5.0,1.0,4.0,.250,0.0,1.0,.000,1.0,3.0,.333,.250,0.0,0.0,,1.0,1.0,2.0,2.0,1.0,0.0,0.0,0.0,2.0
475,454,Thaddeus Young,PF,34,TOR,12,2,13.8,1.4,3.0,.472,0.1,0.8,.111,1.3,2.3,.593,.486,0.7,0.8,.800,1.4,1.6,3.0,1.4,1.0,0.2,0.5,1.3,3.6
476,455,Trae Young,PG,24,ATL,13,13,35.1,8.5,22.4,.378,2.3,7.5,.309,6.2,14.9,.412,.430,7.7,8.5,.909,0.8,2.3,3.2,9.3,0.8,0.2,3.6,1.3,26.9
477,456,Ivica Zubac,C,25,LAC,15,15,30.5,3.9,6.6,.596,0.0,0.1,.000,3.9,6.5,.602,.596,2.1,3.3,.640,2.7,7.9,10.6,1.5,0.5,2.1,2.1,2.9,10.0
