,Rk,Player,Tm,G,GS,MP,FG,FGA,FG%,3P,3PA,3P%,FT,FTA,FT%,ORB,DRB,TRB,AST,STL,BLK,TOV,PF,PTS,GmSc
0,1,Joel Embiid,PHI,3,3,36.2,14.0,23.7,.592,0.7,4.7,.143,13.7,16.7,.820,0.3,11.0,11.3,5.3,1.0,3.3,5.7,4.3,42.3,33.4
1,2,Anthony Davis,LAL,2,2,33.9,11.5,21.0,.548,0.0,0.5,.000,7.5,9.0,.833,8.0,8.0,16.0,2.5,1.0,1.5,1.5,3.5,30.5,28.7
2,3,Donovan Mitchell,CLE,1,1,37.3,10.0,20.0,.500,3.0,10.0,.300,6.0,6.0,1.000,0.0,10.0,10.0,9.0,2.0,1.0,3.0,0.0,29.0,28.0
3,4,Luka Don?i?,DAL,3,3,38.9,10.7,21.7,.492,2.0,6.0,.333,9.7,12.7,.763,1.7,9.3,11.0,7.0,2.3,0.3,3.3,2.7,33.0,27.9
4,5,Jimmy Butler,MIA,3,3,36.1,7.3,13.0,.564,0.7,1.7,.400,8.3,9.0,.926,3.0,7.0,10.0,7.7,1.3,0.3,0.7,2.3,23.7,26.8
5,6,Jayson Tatum,BOS,3,3,38.8,11.3,24.0,.472,3.3,10.0,.333,8.7,10.3,.839,1.0,8.3,9.3,3.0,1.3,1.3,1.7,2.7,34.7,26.6
6,7,Shai Gilgeous-Alexander,OKC,3,3,33.4,11.3,20.7,.548,1.7,3.0,.556,7.0,7.7,.913,0.3,3.7,4.0,6.7,2.7,1.3,4.3,2.0,31.3,25.6
7,8,Jerami Grant,POR,3,3,39.4,10.7,19.0,.561,5.0,8.3,.600,4.7,6.3,.737,2.3,5.0,7.3,2.3,1.7,1.0,2.0,2.0,31.0,25.6
8,9,Darius Garland,CLE,2,2,37.9,10.5,25.0,.420,5.5,10.0,.550,6.5,8.5,.765,1.0,1.5,2.5,7.0,2.0,0.0,1.0,3.0,33.0,24.8
9,10,Kevin Durant,BRK,3,3,34.3,8.7,15.7,.553,1.7,3.0,.556,9.3,10.0,.933,0.0,6.3,6.3,5.3,0.7,1.7,2.7,2.7,28.3,24.3
10,11,Kristaps Porzi??is,WAS,2,2,32.0,9.5,17.5,.543,5.0,9.0,.556,4.0,5.5,.727,2.0,6.0,8.0,2.0,1.5,2.0,1.5,2.0,28.0,24.2
11,12,Ja Morant,MEM,2,2,34.9,12.0,26.0,.462,2.0,8.0,.250,6.0,9.0,.667,3.0,6.0,9.0,6.0,2.5,0.0,3.5,2.5,32.0,23.5
12,13,Zion Williamson,NOP,2,2,33.4,8.5,11.5,.739,0.5,0.5,1.000,10.0,13.5,.741,1.0,4.0,5.0,4.5,1.0,0.0,3.0,3.5,27.5,23.1
13,14,Domantas Sabonis,SAC,3,3,31.1,8.3,12.7,.658,0.7,0.7,1.000,4.0,4.7,.857,3.0,10.0,13.0,7.0,0.7,0.3,2.7,3.3,21.3,22.4
14,15,Stephen Curry,GSW,3,3,32.6,9.7,17.0,.569,4.0,9.0,.444,4.3,5.0,.867,0.3,4.7,5.0,4.7,1.0,0.0,2.3,1.7,27.7,22.3
15,16,De'Aaron Fox,SAC,3,3,31.2,9.3,16.7,.560,1.7,4.7,.357,2.3,4.0,.583,0.3,4.7,5.0,9.7,2.0,0.7,2.3,2.0,22.7,21.8
16,17,Jalen Green,HOU,2,2,36.8,10.5,19.5,.538,4.0,9.0,.444,4.0,4.0,1.000,0.0,4.0,4.0,6.5,0.5,0.0,4.0,0.0,29.0,21.8
17,18,Jalen Brunson,NYK,3,3,30.2,7.7,15.0,.511,1.0,3.7,.273,6.3,6.3,1.000,0.3,1.3,1.7,7.3,3.3,0.0,1.7,3.3,22.7,21.3
18,19,Spencer Dinwiddie,DAL,3,3,37.0,8.0,14.3,.558,5.0,9.3,.536,2.0,2.3,.857,0.3,4.3,4.7,6.0,1.0,0.3,1.7,1.7,23.0,20.7
19,20,Damian Lillard,POR,2,2,38.6,7.0,18.0,.389,2.0,8.0,.250,9.5,11.0,.864,1.0,3.5,4.5,11.5,0.5,0.5,4.5,1.5,25.5,20.7
21,21,Nikola Joki?,DEN,2,2,28.7,8.0,12.0,.667,1.0,2.0,.500,1.5,2.0,.750,1.5,5.5,7.0,8.5,1.5,0.0,2.0,2.0,18.5,20.5
22,22,Jaylen Brown,BOS,2,2,37.9,11.0,18.0,.611,1.5,4.5,.333,2.0,3.0,.667,0.0,7.0,7.0,7.0,1.0,0.0,4.0,3.5,25.5,19.5
23,23,Wendell Carter Jr.,ORL,2,2,32.1,6.0,11.5,.522,2.5,4.5,.556,5.5,7.0,.786,3.0,4.5,7.5,4.5,0.0,1.5,2.0,0.5,20.0,19.2
24,24,Karl-Anthony Towns,MIN,2,2,31.4,7.5,12.5,.600,2.0,5.0,.400,4.0,5.0,.800,3.0,8.5,11.5,3.5,0.5,0.5,1.5,5.5,21.0,19.1
25,25,Bam Adebayo,MIA,3,3,36.0,8.7,17.0,.510,0.0,0.7,.000,6.7,7.7,.870,3.0,10.0,13.0,3.0,1.3,0.3,4.3,3.7,24.0,18.1
26,26,Myles Turner,IND,1,1,27.0,5.0,8.0,.625,2.0,3.0,.667,7.0,8.0,.875,2.0,8.0,10.0,0.0,0.0,2.0,1.0,4.0,19.0,17.6
27,27,Clint Capela,ATL,3,3,29.8,7.7,10.0,.767,0.0,0.0,,1.7,3.3,.500,6.0,9.0,15.0,0.7,0.0,0.7,2.0,2.3,17.0,17.3
28,28,Jordan Poole,GSW,3,1,27.7,8.3,15.7,.532,4.0,8.3,.480,3.3,3.7,.909,0.0,3.0,3.0,2.0,1.3,0.3,2.3,2.0,24.0,17.0
29,29,Trae Young,ATL,3,3,34.9,7.3,19.3,.379,2.0,6.7,.300,8.0,9.0,.889,0.7,1.7,2.3,9.0,1.0,0.0,5.0,0.3,24.7,16.8
30,30,Al Horford,BOS,2,2,33.4,6.0,12.0,.500,3.5,6.5,.538,1.0,1.5,.667,2.0,7.0,9.0,3.0,1.0,0.5,0.5,1.0,16.5,16.4
31,31,Eugene Omoruyi,OKC,1,0,27.0,8.0,10.0,.800,5.0,6.0,.833,1.0,2.0,.500,0.0,3.0,3.0,1.0,1.0,0.0,2.0,5.0,22.0,16.4
32,32,D'Angelo Russell,MIN,2,2,30.9,6.5,10.5,.619,2.0,4.5,.444,2.0,3.0,.667,0.0,1.0,1.0,9.5,1.0,0.0,2.5,2.5,17.0,16.3
33,33,Terence Davis,SAC,3,0,18.9,6.0,8.7,.692,3.3,5.7,.588,0.7,0.7,1.000,0.3,4.7,5.0,2.3,1.3,0.3,0.3,1.7,16.0,16.2
34,34,Devin Booker,PHO,2,2,38.0,8.5,20.5,.415,2.0,7.5,.267,2.0,2.5,.800,2.5,5.5,8.0,5.5,2.0,0.5,2.0,3.5,21.0,16.1
35,35,Chris Boucher,TOR,3,0,30.2,6.3,12.7,.500,1.0,4.3,.231,6.0,7.3,.818,3.0,4.7,7.7,0.7,1.3,0.7,1.7,2.3,19.7,16.0
36,36,Jakob Poeltl,SAS,3,3,27.3,8.0,11.3,.706,0.0,0.0,,1.3,2.7,.500,4.0,7.3,11.3,3.0,0.0,2.0,3.3,3.0,17.3,16.0
37,37,Bojan Bogdanovi?,DET,3,3,33.4,7.7,14.0,.548,1.7,6.7,.250,6.7,8.3,.800,0.0,5.3,5.3,4.0,0.0,0.0,3.7,2.7,23.7,15.9
38,38,Desmond Bane,MEM,1,1,33.3,7.0,16.0,.438,2.0,7.0,.286,8.0,8.0,1.000,0.0,3.0,3.0,5.0,1.0,0.0,4.0,3.0,24.0,15.8
39,39,Anfernee Simons,POR,3,3,36.7,7.0,18.0,.389,5.0,11.3,.441,4.3,4.7,.929,0.7,3.7,4.3,3.3,0.0,0.0,1.3,1.7,23.3,15.3
40,40,Kelly Oubre Jr.,CHO,3,3,35.4,8.0,18.0,.444,3.0,8.0,.375,2.7,3.7,.727,1.3,5.3,6.7,1.0,2.7,0.7,1.7,3.3,21.7,15.2
42,41,Lonnie Walker IV,LAL,2,2,31.8,8.5,14.5,.586,3.0,4.5,.667,2.0,2.5,.800,0.0,1.0,1.0,0.5,1.0,0.0,1.0,1.5,22.0,15.1
43,42,Kyle Kuzma,WAS,3,3,36.3,8.7,19.3,.448,2.3,8.3,.280,3.0,3.7,.818,1.3,8.7,10.0,5.0,0.3,0.0,4.0,1.7,22.7,15.0
44,43,Dejounte Murray,ATL,3,3,36.3,6.7,16.7,.400,0.7,4.0,.167,3.3,3.7,.909,1.0,5.3,6.3,6.7,1.3,0.0,1.0,1.3,17.3,15.0
45,44,Zach LaVine,CHI,1,1,34.1,8.0,15.0,.533,1.0,6.0,.167,4.0,5.0,.800,1.0,4.0,5.0,4.0,1.0,0.0,3.0,3.0,21.0,14.8
46,45,Patrick Williams,CHI,1,1,30.3,6.0,9.0,.667,2.0,3.0,.667,1.0,1.0,1.000,1.0,3.0,4.0,1.0,1.0,2.0,1.0,0.0,15.0,14.8
47,46,Deandre Ayton,PHO,2,2,30.4,7.5,11.0,.682,0.0,1.0,.000,0.0,0.0,,4.5,4.0,8.5,1.5,1.5,0.5,2.0,2.5,15.0,14.6
48,47,Mason Plumlee,CHO,3,3,32.3,5.3,6.3,.842,0.0,0.0,,2.7,3.3,.800,2.3,7.7,10.0,4.0,1.0,0.3,2.7,3.7,13.3,14.6
49,48,Buddy Hield,IND,1,1,28.4,8.0,15.0,.533,5.0,11.0,.455,1.0,2.0,.500,2.0,6.0,8.0,2.0,0.0,1.0,4.0,3.0,22.0,14.4
50,49,Julius Randle,NYK,3,3,32.5,6.7,14.3,.465,1.7,6.3,.263,5.3,6.0,.889,2.7,5.0,7.7,3.0,0.0,0.3,2.7,3.3,20.3,14.4
51,50,Josh Giddey,OKC,3,3,30.9,7.3,13.3,.550,1.3,3.3,.400,2.3,2.3,1.000,1.3,7.3,8.7,7.0,0.7,0.3,5.7,2.3,18.3,14.3
52,51,Michael Porter Jr.,DEN,2,2,24.7,7.0,13.0,.538,3.5,7.5,.467,1.5,1.5,1.000,0.0,2.5,2.5,1.0,1.0,0.0,0.0,2.5,19.0,14.2
53,52,Marcus Smart,BOS,3,3,32.1,5.7,11.0,.515,1.7,4.0,.417,1.7,2.0,.833,0.7,1.7,2.3,7.3,1.7,0.7,1.7,3.7,14.7,14.2
54,53,Kevin Huerter,SAC,3,3,31.5,6.3,10.7,.594,4.3,7.3,.591,0.3,1.7,.200,0.7,3.7,4.3,3.0,1.3,0.7,2.7,1.3,17.3,14.1
55,54,Bruce Brown,DEN,2,0,34.1,5.0,11.5,.435,1.0,3.0,.333,3.0,3.0,1.000,3.0,7.5,10.5,6.0,1.0,0.5,3.5,1.5,14.0,13.8
56,55,Luguentz Dort,OKC,3,3,27.6,6.3,12.0,.528,2.7,5.3,.500,4.0,4.7,.857,2.3,2.7,5.0,1.0,0.0,0.3,1.3,3.7,19.3,13.8
57,56,Andre Drummond,CHI,1,0,21.5,5.0,8.0,.625,0.0,0.0,,3.0,3.0,1.000,4.0,7.0,11.0,1.0,1.0,0.0,1.0,3.0,13.0,13.8
58,57,Immanuel Quickley,NYK,3,0,23.4,5.3,11.0,.485,2.0,4.3,.462,2.3,2.7,.875,0.3,2.7,3.0,2.7,3.0,0.3,0.0,4.0,15.0,13.8
59,58,Andrew Wiggins,GSW,3,3,31.4,7.3,13.7,.537,2.0,6.0,.333,2.0,2.3,.857,1.3,3.3,4.7,1.0,1.7,0.3,1.7,2.7,18.7,13.7
60,59,Marcus Morris,LAC,3,3,29.9,6.0,9.7,.621,2.3,4.7,.500,1.0,1.3,.750,0.7,4.0,4.7,2.7,0.7,0.0,0.7,2.0,15.3,13.6
61,60,Jamal Murray,DEN,2,2,33.4,7.5,17.5,.429,1.5,5.5,.273,2.0,2.5,.800,0.5,2.5,3.0,6.0,1.0,0.0,1.0,2.0,18.5,13.6
63,61,Terry Rozier,CHO,3,3,37.1,7.7,19.0,.404,2.7,9.0,.296,2.3,3.0,.778,1.3,2.7,4.0,3.7,1.3,0.0,1.3,1.3,20.3,13.6
64,62,Keldon Johnson,SAS,3,3,28.2,6.7,15.3,.435,4.0,8.7,.462,4.0,4.3,.923,0.0,2.7,2.7,2.7,1.0,0.0,3.0,1.0,21.3,13.4
65,63,Dalano Banton,TOR,3,1,18.4,5.3,10.7,.500,2.0,4.7,.429,2.7,2.7,1.000,0.7,1.7,2.3,2.7,1.3,1.3,1.3,1.7,15.3,13.1
66,64,Jevon Carter,MIL,2,2,33.2,5.5,13.0,.423,2.5,5.0,.500,3.0,3.5,.857,2.0,0.5,2.5,6.0,1.5,0.5,2.5,3.5,16.5,13.1
67,65,CJ McCollum,NOP,3,3,37.4,6.7,18.0,.370,3.0,9.0,.333,1.0,1.3,.750,1.0,4.7,5.7,7.7,1.3,1.0,3.0,1.7,17.3,13.1
68,66,Cam Reddish,NYK,3,3,27.8,6.3,12.0,.528,1.3,4.3,.308,2.3,2.3,1.000,0.3,2.0,2.3,1.3,1.7,0.7,1.0,0.7,16.3,13.1
69,67,Larry Nance Jr.,NOP,3,0,27.2,5.3,7.3,.727,1.0,1.3,.750,2.0,2.3,.857,3.0,4.3,7.3,1.0,0.0,0.7,1.3,2.0,13.7,13.0
70,68,Grant Williams,BOS,3,3,35.2,4.7,8.7,.538,2.0,4.7,.429,1.7,2.3,.714,1.0,6.0,7.0,2.7,1.0,0.3,0.3,2.0,13.0,13.0
71,69,Aaron Gordon,DEN,2,2,28.2,5.0,8.0,.625,1.0,1.5,.667,4.0,6.0,.667,1.5,4.5,6.0,2.0,0.0,0.0,0.5,2.5,15.0,12.9
72,70,DeMar DeRozan,CHI,1,1,25.7,6.0,11.0,.545,0.0,1.0,.000,4.0,6.0,.667,0.0,2.0,2.0,4.0,0.0,1.0,0.0,3.0,16.0,12.8
73,71,Austin Reaves,LAL,2,1,32.8,6.0,10.0,.600,1.5,3.0,.500,3.5,4.0,.875,1.0,2.0,3.0,2.0,0.5,0.0,2.0,1.5,17.0,12.8
74,72,Bennedict Mathurin,IND,1,0,30.0,4.0,10.0,.400,3.0,4.0,.750,4.0,6.0,.667,3.0,5.0,8.0,3.0,0.0,0.0,1.0,2.0,15.0,12.7
75,73,Aleksej Pokusevski,OKC,3,3,26.0,6.0,10.0,.600,1.7,3.3,.500,0.3,0.3,1.000,1.3,5.7,7.0,2.0,0.7,2.7,2.3,2.3,14.0,12.7
76,74,Tyrese Maxey,PHI,3,3,35.3,7.7,19.7,.390,2.3,6.3,.368,2.0,2.7,.750,0.3,2.7,3.0,5.7,1.7,0.3,1.7,3.3,19.7,12.6
77,75,Franz Wagner,ORL,2,2,32.1,8.0,16.0,.500,0.5,2.0,.250,3.5,4.0,.875,1.0,5.0,6.0,3.0,0.0,0.0,2.5,2.5,20.0,12.6
78,76,Harrison Barnes,SAC,3,3,26.5,4.0,7.7,.522,1.3,3.3,.400,3.3,3.3,1.000,1.3,2.7,4.0,2.7,1.0,0.7,0.7,2.0,12.7,12.5
79,77,Paul George,LAC,3,3,34.9,6.3,17.3,.365,1.3,5.3,.250,6.7,7.7,.870,0.3,6.0,6.3,5.0,1.3,0.7,4.3,3.0,20.7,12.5
80,78,Rudy Gobert,MIN,2,2,34.2,5.0,7.5,.667,0.0,0.0,,5.0,6.5,.769,2.5,7.0,9.5,1.0,1.0,1.0,3.5,3.5,15.0,12.5
81,79,Russell Westbrook,LAL,2,0,30.9,5.0,16.0,.313,2.5,6.5,.385,5.0,6.0,.833,2.0,3.0,5.0,11.5,0.0,0.5,4.5,4.0,17.5,12.5
82,80,Anthony Edwards,MIN,2,2,34.4,7.5,14.5,.517,1.5,3.5,.429,2.5,3.5,.714,0.5,6.0,6.5,3.5,0.0,0.0,2.5,3.0,19.0,12.4
84,81,Evan Mobley,CLE,2,2,35.5,4.5,9.5,.474,0.0,0.0,,3.0,5.5,.545,6.5,6.5,13.0,3.5,1.0,1.0,3.0,3.5,12.0,12.4
85,82,Corey Kispert,WAS,3,3,28.1,4.3,6.0,.722,2.3,2.7,.875,1.3,1.3,1.000,0.0,2.0,2.0,1.3,1.7,0.0,0.3,1.0,12.3,12.3
86,83,Lamar Stevens,CLE,1,1,30.3,5.0,10.0,.500,0.0,1.0,.000,5.0,6.0,.833,2.0,4.0,6.0,1.0,0.0,0.0,0.0,2.0,15.0,12.1
87,84,Kelly Olynyk,UTA,3,3,28.7,5.0,10.7,.469,1.3,4.7,.286,5.7,6.3,.895,1.0,6.3,7.3,2.3,0.7,0.0,2.3,4.7,17.0,12.0
88,85,OG Anunoby,TOR,3,3,34.7,7.0,16.7,.420,1.0,5.0,.200,4.3,5.0,.867,1.7,3.3,5.0,2.3,1.0,1.7,3.3,2.3,19.3,11.9
89,86,Malik Beasley,UTA,3,0,27.4,5.7,12.7,.447,3.7,9.0,.407,1.0,1.0,1.000,0.3,4.3,4.7,1.7,0.7,0.3,0.7,1.7,16.0,11.7
90,87,Dennis Smith Jr.,CHO,1,1,33.6,6.0,9.0,.667,0.0,3.0,.000,0.0,0.0,,0.0,2.0,2.0,8.0,1.0,0.0,2.0,4.0,12.0,11.7
91,88,Deni Avdija,WAS,3,3,33.5,5.3,11.7,.457,2.0,4.3,.462,2.7,3.3,.800,1.0,4.0,5.0,4.0,1.7,0.3,2.7,3.7,15.3,11.5
92,89,Jaden Ivey,DET,3,3,31.2,6.0,14.0,.429,1.7,4.0,.417,5.3,7.0,.762,1.0,2.7,3.7,5.0,1.0,0.0,4.0,3.7,19.0,11.5
93,90,Seth Curry,BRK,2,0,25.8,6.0,10.5,.571,2.5,5.0,.500,1.0,1.5,.667,0.0,3.0,3.0,3.0,0.0,0.0,1.0,2.5,15.5,11.4
94,91,Derrick White,BOS,3,1,27.6,3.7,10.0,.367,1.7,5.0,.333,3.7,4.0,.917,0.3,1.3,1.7,4.3,1.3,1.0,0.3,2.7,12.7,11.3
95,92,MarJon Beauchamp,MIL,2,2,34.3,5.5,11.0,.500,1.5,5.0,.300,1.5,1.5,1.000,1.5,4.5,6.0,1.5,0.5,0.5,1.0,2.0,14.0,11.0
96,93,Alec Burks,DET,2,0,21.1,5.0,9.5,.526,1.5,4.0,.375,4.5,6.5,.692,0.0,2.0,2.0,1.5,0.5,0.0,0.5,3.0,16.0,11.0
97,94,Bobby Portis,MIL,2,1,27.0,6.0,15.0,.400,0.5,4.5,.111,2.5,3.0,.833,4.0,7.0,11.0,2.0,0.5,0.0,1.5,2.5,15.0,11.0
98,95,Brandon Ingram,NOP,3,3,35.5,7.0,15.0,.467,1.3,3.3,.400,2.3,2.3,1.000,0.7,4.0,4.7,3.0,1.0,0.7,2.7,4.0,17.7,10.9
99,96,Tre Jones,SAS,2,2,26.3,2.5,6.5,.385,0.5,1.0,.500,0.0,0.0,,0.0,3.5,3.5,9.5,2.0,0.5,0.5,1.5,5.5,10.9
100,97,Santi Aldama,MEM,3,2,29.3,4.7,8.0,.583,1.7,3.0,.556,0.7,1.3,.500,1.3,5.7,7.0,1.0,1.3,1.3,1.0,3.7,11.7,10.8
101,98,Brandon Clarke,MEM,3,0,22.7,4.3,8.3,.520,0.3,0.3,1.000,2.3,3.3,.700,2.3,4.0,6.3,2.0,0.3,1.7,1.0,2.0,11.3,10.8
102,99,John Wall,LAC,2,0,25.4,5.5,11.0,.500,1.5,3.5,.429,3.0,4.5,.667,0.0,3.5,3.5,5.0,1.0,0.0,3.0,3.0,15.5,10.8
103,100,Bryn Forbes,MIN,1,0,18.1,4.0,8.0,.500,2.0,3.0,.667,0.0,0.0,,0.0,0.0,0.0,3.0,3.0,0.0,0.0,1.0,10.0,10.7
105,101,Moses Moody,GSW,1,0,26.7,4.0,9.0,.444,2.0,5.0,.400,1.0,1.0,1.000,0.0,2.0,2.0,4.0,1.0,0.0,0.0,0.0,11.0,10.7
106,102,Christian Wood,DAL,2,0,24.5,6.5,9.5,.684,1.5,3.5,.429,2.5,4.5,.556,0.0,6.0,6.0,0.5,1.0,0.0,3.0,4.0,17.0,10.7
107,103,Mo Bamba,ORL,2,0,20.2,4.0,8.0,.500,1.0,2.5,.400,2.5,3.5,.714,4.0,3.5,7.5,1.5,0.0,1.0,1.5,1.5,11.5,10.6
108,104,Tyrese Haliburton,IND,1,1,39.2,3.0,14.0,.214,2.0,9.0,.222,0.0,1.0,.000,1.0,5.0,6.0,15.0,2.0,1.0,3.0,2.0,8.0,10.6
109,105,Justise Winslow,POR,1,1,38.4,3.0,12.0,.250,1.0,4.0,.250,5.0,8.0,.625,3.0,5.0,8.0,6.0,0.0,1.0,0.0,4.0,12.0,10.5
110,106,Jarrett Allen,CLE,1,1,33.2,6.0,8.0,.750,0.0,0.0,,1.0,2.0,.500,1.0,8.0,9.0,1.0,0.0,0.0,2.0,2.0,13.0,10.4
111,107,Lauri Markkanen,UTA,3,3,31.6,6.3,12.7,.500,1.7,4.3,.385,0.7,2.0,.333,2.7,4.3,7.0,1.7,0.0,1.3,2.3,1.7,15.0,10.4
112,108,Max Strus,MIA,3,3,38.0,5.7,13.0,.436,3.7,10.0,.367,1.0,1.0,1.000,0.3,2.3,2.7,1.7,1.3,0.0,1.0,3.0,16.0,10.4
113,109,Isaiah Jackson,IND,1,0,21.0,5.0,5.0,1.000,0.0,0.0,,0.0,0.0,,2.0,3.0,5.0,0.0,1.0,1.0,2.0,1.0,10.0,10.1
114,110,Caleb Martin,MIA,3,3,33.7,3.7,8.0,.458,2.3,3.7,.636,0.7,1.7,.400,2.0,2.3,4.3,3.0,1.3,0.7,1.0,1.7,10.3,10.1
115,111,Kevin Porter Jr.,HOU,2,2,32.6,7.5,17.0,.441,1.5,6.5,.231,5.0,9.5,.526,1.0,3.0,4.0,3.0,1.5,0.0,4.5,4.0,21.5,9.9
116,112,Gabe Vincent,MIA,3,0,31.1,4.7,11.0,.424,2.3,6.7,.350,2.3,2.3,1.000,0.0,2.7,2.7,2.7,0.7,0.0,0.7,2.3,14.0,9.9
117,113,Thaddeus Young,TOR,3,2,23.1,3.0,5.0,.600,0.0,1.0,.000,2.3,2.7,.875,2.7,1.7,4.3,2.3,1.7,0.3,0.7,3.0,8.3,9.9
118,114,Edmond Sumner,BRK,3,3,23.4,4.3,10.3,.419,1.3,5.0,.267,4.0,4.0,1.000,0.3,0.7,1.0,2.0,2.0,0.3,2.0,2.0,14.0,9.8
119,115,Kyle Lowry,MIA,3,3,36.5,4.3,10.7,.406,1.7,5.3,.313,2.0,2.3,.857,0.7,5.0,5.7,5.7,0.3,0.7,3.0,1.3,12.3,9.7
120,116,De'Andre Hunter,ATL,3,3,31.3,5.3,13.3,.400,1.0,3.0,.333,6.0,6.7,.900,1.0,2.7,3.7,0.7,0.0,0.0,1.3,3.0,17.7,9.6
121,117,Nick Richards,CHO,3,0,16.7,4.0,4.3,.923,0.0,0.0,,2.3,2.7,.875,2.0,1.7,3.7,0.3,0.3,1.0,1.0,3.3,10.3,9.6
122,118,Tobias Harris,PHI,3,3,34.5,5.3,13.3,.400,0.3,3.3,.100,2.7,2.7,1.000,0.7,4.0,4.7,2.3,2.3,0.0,1.7,2.3,13.7,9.5
123,119,Chuma Okeke,ORL,2,2,31.7,4.0,10.0,.400,2.0,6.0,.333,0.5,0.5,1.000,2.5,1.5,4.0,1.5,1.0,1.0,0.0,1.5,10.5,9.5
124,120,Taurean Prince,MIN,2,0,20.6,3.0,5.5,.545,1.0,2.5,.400,5.0,5.0,1.000,0.5,0.5,1.0,0.5,0.0,0.5,0.0,3.0,12.0,9.4
126,121,Killian Hayes,DET,3,2,31.3,4.3,10.7,.406,1.3,4.3,.308,0.7,0.7,1.000,1.0,4.0,5.0,5.3,2.0,0.3,2.7,2.0,10.7,9.3
127,122,Jalen McDaniels,CHO,3,0,29.3,4.3,7.7,.565,1.3,2.7,.500,1.7,2.0,.833,0.7,3.3,4.0,2.7,0.3,0.7,1.7,2.7,11.7,9.3
128,123,RJ Barrett,NYK,3,3,31.5,5.7,15.0,.378,1.0,5.0,.200,5.0,7.3,.682,0.7,2.3,3.0,3.0,0.3,0.0,1.3,3.0,17.3,9.2
129,124,Nicolas Batum,LAC,3,0,21.1,3.7,6.3,.579,3.0,5.0,.600,0.3,1.3,.250,1.0,4.7,5.7,0.3,0.7,1.0,1.0,2.0,10.7,9.2
130,125,Bol Bol,ORL,2,2,30.8,5.0,10.5,.476,2.5,4.5,.556,1.0,1.0,1.000,1.5,10.5,12.0,1.5,0.0,1.0,4.5,1.0,13.5,9.2
131,126,Anthony Lamb,GSW,3,0,20.6,4.0,6.0,.667,2.7,4.3,.615,0.0,0.0,,0.7,2.3,3.0,2.0,0.0,0.0,0.7,2.0,10.7,9.2
132,127,Jaden McDaniels,MIN,2,2,32.2,4.0,8.5,.471,1.5,3.0,.500,2.5,4.0,.625,1.5,1.5,3.0,0.0,2.0,1.5,0.0,6.0,12.0,9.2
133,128,Jericho Sims,NYK,3,0,19.3,3.3,4.0,.833,0.0,0.0,,0.3,0.3,1.000,4.3,4.0,8.3,1.0,0.3,0.3,0.3,3.7,7.0,9.2
134,129,Yuta Watanabe,BRK,2,0,21.0,4.5,8.0,.563,1.5,3.5,.429,0.5,0.5,1.000,1.5,2.0,3.5,1.5,0.0,0.5,0.5,1.5,11.0,9.2
135,130,Jabari Smith Jr.,HOU,2,2,28.1,3.0,8.0,.375,1.0,3.0,.333,1.0,2.0,.500,3.5,7.0,10.5,1.5,1.5,1.0,0.5,3.5,8.0,9.1
136,131,Duane Washington Jr.,PHO,2,0,13.2,5.0,10.0,.500,3.0,6.0,.500,0.0,0.0,,0.0,0.0,0.0,2.5,0.0,0.0,0.5,0.5,13.0,9.1
137,132,Jalen Smith,IND,1,1,25.3,6.0,11.0,.545,3.0,7.0,.429,1.0,2.0,.500,0.0,5.0,5.0,2.0,0.0,0.0,3.0,3.0,16.0,9.0
138,133,Devin Vassell,SAS,3,3,30.5,6.3,14.3,.442,2.0,6.3,.316,1.7,1.7,1.000,0.0,3.7,3.7,1.0,0.3,1.0,2.0,1.7,16.3,9.0
139,134,Giannis Antetokounmpo,MIL,1,1,30.9,8.0,21.0,.381,0.0,3.0,.000,11.0,18.0,.611,1.0,7.0,8.0,4.0,1.0,0.0,8.0,6.0,27.0,8.9
140,135,Brook Lopez,MIL,2,2,31.3,4.5,11.0,.409,1.5,5.5,.273,5.0,6.0,.833,1.0,3.0,4.0,1.5,0.5,1.0,3.0,3.0,15.5,8.9
141,136,JaMychal Green,GSW,1,0,16.0,3.0,5.0,.600,1.0,3.0,.333,2.0,2.0,1.000,0.0,5.0,5.0,2.0,0.0,2.0,1.0,3.0,9.0,8.8
142,137,Talen Horton-Tucker,UTA,3,0,15.2,2.7,7.3,.364,0.7,2.3,.286,3.7,4.0,.917,0.0,1.7,1.7,6.0,0.0,0.3,1.3,0.7,9.7,8.8
143,138,Torrey Craig,PHO,2,2,33.8,3.5,9.0,.389,1.0,3.5,.286,1.5,2.0,.750,4.5,2.0,6.5,1.5,1.0,1.0,1.0,3.0,9.5,8.7
144,139,Kevin Love,CLE,2,1,25.6,3.0,10.5,.286,2.5,7.0,.357,3.0,3.5,.857,2.0,4.0,6.0,3.0,0.5,0.0,1.0,2.0,11.5,8.6
145,140,Ivica Zubac,LAC,3,3,28.9,3.0,5.0,.600,0.0,0.0,,3.3,4.3,.769,3.3,6.3,9.7,1.7,0.0,1.0,2.7,3.7,9.3,8.6
147,141,LaMelo Ball,CHO,2,2,30.9,6.0,18.0,.333,2.5,12.0,.208,1.5,1.5,1.000,0.0,5.0,5.0,7.5,0.5,0.5,3.5,3.5,16.0,8.5
148,142,Dillon Brooks,MEM,3,3,32.8,7.3,19.0,.386,2.0,8.0,.250,3.0,3.3,.900,0.3,3.0,3.3,1.0,0.3,0.0,1.7,3.0,19.7,8.5
149,143,Kentavious Caldwell-Pope,DEN,2,2,29.2,4.0,9.5,.421,2.5,4.5,.556,2.0,2.5,.800,0.0,1.5,1.5,1.5,1.0,0.0,0.5,2.0,12.5,8.5
150,144,Nic Claxton,BRK,3,3,21.8,4.3,6.0,.722,0.0,0.0,,0.3,2.3,.143,1.3,5.3,6.7,1.0,0.3,1.0,0.7,2.0,9.0,8.5
151,145,Isaiah Stewart,DET,3,3,23.7,3.3,7.0,.476,2.0,3.3,.600,1.3,1.7,.800,2.0,5.0,7.0,1.7,0.3,1.0,1.7,3.0,10.0,8.5
152,146,Keita Bates-Diop,SAS,3,1,19.5,3.3,6.7,.500,0.7,2.0,.333,0.0,0.0,,3.0,1.7,4.7,1.3,1.0,0.0,0.0,0.3,7.3,8.4
153,147,Jordan Goodwin,WAS,3,0,25.1,2.3,6.3,.368,2.0,2.7,.750,0.3,0.7,.500,1.0,4.7,5.7,4.0,1.0,1.0,0.7,2.3,7.0,8.4
154,148,Damion Lee,PHO,2,0,22.2,4.0,7.5,.533,3.0,6.0,.500,0.0,0.0,,0.0,2.5,2.5,1.0,1.0,0.0,1.0,1.0,11.0,8.4
155,149,Trey Murphy III,NOP,3,1,24.6,4.0,9.7,.414,2.0,6.3,.316,1.7,1.7,1.000,0.3,1.7,2.0,0.7,0.3,1.3,0.3,0.7,11.7,8.4
156,150,Marvin Bagley III,DET,2,1,22.9,4.0,8.0,.500,0.5,1.5,.333,1.5,1.5,1.000,2.5,2.0,4.5,0.5,0.5,1.0,1.0,1.5,10.0,8.3
157,151,Draymond Green,GSW,3,3,30.7,1.7,6.0,.278,0.0,1.3,.000,0.7,0.7,1.000,0.7,7.0,7.7,10.0,0.7,0.3,1.3,3.3,4.0,8.3
158,152,Jeremiah Robinson-Earl,OKC,2,1,22.3,4.5,6.5,.692,1.5,2.0,.750,0.0,0.0,,2.5,3.5,6.0,0.0,0.0,0.0,0.5,4.5,10.5,8.3
159,153,Aaron Nesmith,IND,1,0,14.7,3.0,5.0,.600,2.0,3.0,.667,2.0,2.0,1.000,0.0,2.0,2.0,2.0,0.0,1.0,1.0,3.0,10.0,8.2
160,154,Norman Powell,LAC,3,0,22.6,4.0,11.3,.353,1.0,4.0,.250,3.7,4.0,.917,0.3,2.0,2.3,1.7,1.3,0.3,1.0,1.3,12.7,8.2
161,155,Jalen Williams,OKC,3,1,28.8,5.0,8.3,.600,0.7,3.7,.182,0.0,0.3,.000,0.3,2.7,3.0,4.3,0.3,0.3,1.7,3.7,10.7,8.2
162,156,Caris LeVert,CLE,2,2,30.6,5.0,11.5,.435,1.5,4.0,.375,0.5,1.0,.500,2.0,1.5,3.5,2.5,0.0,0.5,1.0,1.5,12.0,8.1
163,157,Jose Alvarado,NOP,3,0,19.4,3.7,7.3,.500,1.7,4.3,.385,0.0,0.0,,0.3,2.3,2.7,4.0,1.0,0.3,1.0,3.3,9.0,8.0
164,158,Josh Hart,POR,3,3,36.3,3.3,8.7,.385,0.3,1.7,.200,1.3,2.7,.500,2.0,5.7,7.7,3.3,1.7,0.0,1.3,2.0,8.3,8.0
165,159,Th?o Maledon,CHO,3,0,17.3,2.3,2.7,.875,0.7,1.0,.667,2.0,2.3,.857,0.0,3.7,3.7,2.0,0.7,0.0,0.7,2.0,7.3,8.0
166,160,Mikal Bridges,PHO,2,2,38.5,5.0,13.5,.370,1.5,4.5,.333,0.0,0.0,,1.0,3.5,4.5,4.0,0.5,0.5,1.0,1.5,11.5,7.9
168,161,R.J. Hampton,ORL,2,0,10.6,3.0,5.0,.600,1.5,3.0,.500,1.5,1.5,1.000,0.0,0.0,0.0,1.5,1.0,0.5,1.0,0.5,9.0,7.9
169,162,Malik Monk,SAC,3,0,20.9,3.7,8.0,.458,0.7,2.7,.250,3.7,3.7,1.000,0.7,1.0,1.7,4.3,0.0,0.0,2.7,2.0,11.7,7.9
170,163,Cameron Payne,PHO,2,2,32.9,6.0,16.0,.375,3.0,8.0,.375,0.5,0.5,1.000,0.0,3.0,3.0,4.5,1.0,0.0,2.5,3.5,15.5,7.9
171,164,Fred VanVleet,TOR,1,1,28.6,5.0,12.0,.417,3.0,7.0,.429,2.0,5.0,.400,0.0,2.0,2.0,3.0,2.0,0.0,3.0,3.0,15.0,7.9
172,165,Dewayne Dedmon,MIA,3,0,13.2,3.7,6.7,.550,1.0,2.0,.500,0.3,1.3,.250,2.3,1.0,3.3,0.7,0.3,1.3,0.0,2.3,8.7,7.8
173,166,Goran Dragi?,CHI,1,0,22.6,5.0,10.0,.500,1.0,2.0,.500,0.0,0.0,,0.0,1.0,1.0,6.0,1.0,0.0,3.0,2.0,11.0,7.7
174,167,Reggie Jackson,LAC,3,3,27.1,4.0,7.7,.522,1.7,5.0,.333,0.0,0.0,,0.3,3.7,4.0,4.7,0.7,0.0,2.7,2.0,9.7,7.7
175,168,Onyeka Okongwu,ATL,2,0,19.2,4.0,5.5,.727,0.0,0.0,,0.0,0.0,,1.5,6.5,8.0,0.5,0.0,1.5,0.5,5.0,8.0,7.7
176,169,Aaron Wiggins,OKC,3,1,22.8,3.0,6.0,.500,0.7,1.7,.400,1.3,1.7,.800,1.0,2.7,3.7,3.3,0.7,0.3,0.7,3.0,8.0,7.7
177,170,Tari Eason,HOU,2,0,17.9,2.5,5.5,.455,1.0,3.0,.333,1.0,1.0,1.000,1.0,1.5,2.5,1.5,2.5,0.0,0.5,2.0,7.0,7.6
178,171,Drew Eubanks,POR,3,2,31.3,2.7,3.7,.727,0.0,0.0,,0.3,0.3,1.000,2.0,5.7,7.7,1.3,1.0,0.3,0.3,3.7,5.7,7.6
179,172,Monte Morris,WAS,3,3,25.3,3.0,8.3,.360,0.7,2.7,.250,0.3,0.7,.500,0.7,4.0,4.7,6.0,0.7,0.3,1.0,1.0,7.0,7.6
180,173,Obi Toppin,NYK,3,0,18.4,3.3,6.0,.556,2.3,4.7,.500,0.0,0.0,,0.7,3.7,4.3,1.7,0.3,0.3,1.3,1.3,9.0,7.6
181,174,Will Barton,WAS,3,0,22.7,3.3,9.3,.357,1.7,5.3,.313,1.7,1.7,1.000,0.7,4.0,4.7,2.7,0.3,0.7,1.3,0.7,10.0,7.5
182,175,Daniel Gafford,WAS,3,0,18.6,1.7,1.7,1.000,0.0,0.0,,2.7,4.3,.615,1.7,4.0,5.7,0.7,0.0,2.3,1.0,2.0,6.0,7.5
183,176,Kevon Looney,GSW,3,3,25.8,2.7,4.7,.571,0.0,0.0,,0.3,0.3,1.000,2.7,5.0,7.7,3.0,0.3,1.3,1.7,2.7,5.7,7.5
184,177,Payton Pritchard,BOS,3,0,14.9,3.7,6.7,.550,1.0,2.7,.375,0.3,0.7,.500,2.7,1.0,3.7,1.0,1.0,0.0,1.7,0.0,8.7,7.5
185,178,Kyle Anderson,MIN,2,0,23.0,3.5,8.5,.412,1.5,3.5,.429,0.0,0.0,,0.0,5.0,5.0,4.5,1.0,0.5,2.0,1.5,8.5,7.4
186,179,Isaiah Hartenstein,NYK,3,3,25.9,3.0,5.7,.529,0.3,1.0,.333,1.0,1.3,.750,4.0,5.3,9.3,0.7,0.7,0.7,1.7,3.3,7.3,7.4
187,180,Scottie Barnes,TOR,3,3,33.9,4.3,12.7,.342,0.3,2.7,.125,1.3,2.0,.667,1.3,4.3,5.7,4.3,1.3,1.3,2.3,2.0,10.3,7.3
189,181,Jordan Nwora,MIL,2,1,25.2,3.0,10.5,.286,1.5,5.0,.300,1.5,1.5,1.000,1.5,4.5,6.0,4.0,0.0,0.0,0.0,2.0,9.0,7.3
190,182,Cam Thomas,BRK,3,0,22.8,3.0,7.7,.391,0.3,1.7,.200,4.0,5.0,.800,0.0,2.3,2.3,2.7,1.0,0.0,1.7,1.0,10.3,7.3
191,183,Klay Thompson,GSW,2,2,31.0,4.5,14.5,.310,3.5,10.0,.350,0.5,1.0,.500,0.5,5.5,6.0,2.0,1.0,0.5,1.5,1.5,13.0,7.1
192,184,Charles Bassey,SAS,3,0,19.5,2.7,4.0,.667,0.3,0.7,.500,0.0,0.0,,3.7,5.0,8.7,2.7,0.0,2.3,3.0,3.7,5.7,7.0
193,185,Jarred Vanderbilt,UTA,3,3,22.0,2.7,4.3,.615,0.3,1.3,.250,0.3,1.3,.250,3.3,5.7,9.0,1.7,0.7,0.0,1.7,2.0,6.0,7.0
194,186,Dorian Finney-Smith,DAL,3,3,33.2,3.7,9.3,.393,3.3,7.3,.455,0.0,0.0,,0.3,4.0,4.3,0.7,1.3,0.0,1.0,2.3,10.7,6.9
195,187,Malachi Flynn,TOR,3,0,16.7,3.0,7.3,.409,2.0,4.3,.462,2.7,3.0,.889,0.0,2.3,2.3,1.7,0.3,0.3,1.3,2.0,10.7,6.9
196,188,Ben Simmons,BRK,2,0,17.4,3.0,4.5,.667,0.0,0.0,,0.5,1.0,.500,0.5,4.5,5.0,3.0,0.5,0.0,1.0,2.0,6.5,6.9
197,189,Steven Adams,MEM,3,3,23.0,2.7,4.3,.615,0.0,0.0,,0.3,2.0,.167,4.3,3.7,8.0,3.3,0.7,0.3,2.0,4.0,5.7,6.8
198,190,Tim Hardaway Jr.,DAL,3,0,27.3,3.7,10.7,.344,2.7,8.7,.308,0.7,1.0,.667,0.7,2.0,2.7,3.0,1.3,0.0,1.7,1.3,10.7,6.8
199,191,Juancho Hernang?mez,TOR,3,0,18.7,2.3,4.3,.538,1.0,2.0,.500,0.3,0.7,.500,1.0,5.0,6.0,2.0,1.0,0.0,1.0,1.3,6.0,6.8
200,192,Jordan Clarkson,UTA,3,3,28.6,5.7,16.3,.347,2.3,8.7,.269,1.3,1.3,1.000,1.3,1.0,2.3,3.0,0.0,0.3,2.3,1.0,15.0,6.7
201,193,John Collins,ATL,3,3,30.9,3.7,10.7,.344,0.3,3.7,.091,3.3,3.3,1.000,1.7,4.7,6.3,0.7,0.7,0.7,1.0,3.7,11.0,6.7
202,194,Tyus Jones,MEM,3,1,25.0,3.7,9.3,.393,0.7,3.0,.222,0.7,0.7,1.000,0.3,1.3,1.7,3.7,1.0,0.0,1.0,0.3,8.7,6.7
203,195,Collin Sexton,UTA,3,0,21.4,4.7,9.7,.483,0.3,1.3,.250,2.0,3.3,.600,0.7,1.7,2.3,2.3,0.3,0.0,1.7,2.3,11.7,6.6
204,196,Rui Hachimura,WAS,3,0,23.3,5.0,11.0,.455,1.3,3.3,.400,1.0,1.0,1.000,0.0,4.7,4.7,0.7,0.0,0.3,1.7,1.3,12.3,6.5
205,197,Serge Ibaka,MIL,2,0,16.0,3.0,6.0,.500,1.0,2.5,.400,1.0,2.5,.400,2.5,3.5,6.0,0.0,0.0,0.0,0.0,2.0,8.0,6.4
206,198,Herbert Jones,NOP,3,3,25.4,3.3,6.7,.500,0.7,2.0,.333,1.3,1.7,.800,1.0,2.0,3.0,1.7,0.0,0.3,0.3,3.0,8.7,6.4
207,199,Hamidou Diallo,DET,3,0,15.7,2.7,5.7,.471,0.3,1.0,.333,3.0,3.7,.818,1.0,0.7,1.7,1.0,0.3,0.3,0.7,1.7,8.7,6.3
208,200,Saddiq Bey,DET,3,2,29.5,3.3,11.0,.303,1.0,4.7,.214,2.3,2.3,1.000,1.3,3.0,4.3,2.0,1.0,0.0,1.0,1.7,10.0,6.2
210,201,Usman Garuba,HOU,2,0,20.3,1.5,2.5,.600,0.5,0.5,1.000,1.0,2.0,.500,1.5,3.5,5.0,1.0,1.0,2.0,1.0,2.5,4.5,6.2
211,202,Andrew Nembhard,IND,1,1,21.6,3.0,5.0,.600,2.0,3.0,.667,0.0,0.0,,0.0,2.0,2.0,3.0,0.0,0.0,1.0,3.0,8.0,6.2
212,203,Shaedon Sharpe,POR,2,0,21.0,3.5,5.0,.700,1.5,2.5,.600,0.5,1.0,.500,0.0,1.5,1.5,0.0,0.0,0.5,0.5,2.0,9.0,6.2
213,204,Jeremy Sochan,SAS,3,3,27.0,3.7,7.7,.478,0.0,1.7,.000,2.0,2.3,.857,1.0,5.0,6.0,2.0,0.3,1.0,2.0,4.3,9.3,6.2
214,205,Christian Braun,DEN,2,0,19.8,2.0,3.5,.571,0.5,1.0,.500,1.0,1.0,1.000,0.0,2.0,2.0,1.5,1.0,0.0,0.0,1.0,5.5,6.1
215,206,Kenyon Martin Jr.,HOU,2,0,23.2,4.0,7.0,.571,0.0,2.5,.000,0.5,0.5,1.000,2.0,4.0,6.0,1.0,0.0,0.0,2.0,1.0,8.5,6.1
216,207,Eric Gordon,HOU,2,2,27.8,3.5,7.5,.467,1.0,3.5,.286,1.5,1.5,1.000,0.0,1.0,1.0,2.5,0.0,0.5,1.5,1.5,9.5,6.0
217,208,Mike Muscala,OKC,1,0,12.4,2.0,3.0,.667,2.0,3.0,.667,0.0,0.0,,0.0,2.0,2.0,2.0,0.0,1.0,1.0,1.0,6.0,6.0
218,209,Isaiah Livers,DET,3,0,21.3,1.7,5.3,.313,1.3,4.7,.286,2.3,3.0,.778,1.7,2.3,4.0,1.0,0.0,1.0,0.3,1.7,7.0,5.9
219,210,Dwight Powell,DAL,3,3,21.4,2.7,4.7,.571,0.0,0.0,,1.0,1.3,.750,2.7,1.0,3.7,1.7,0.7,0.0,1.0,2.7,6.3,5.9
220,211,Reggie Bullock,DAL,3,3,25.1,2.3,5.7,.412,2.0,5.3,.375,0.3,0.7,.500,0.3,3.0,3.3,1.3,1.0,0.0,0.0,2.7,7.0,5.8
221,212,Wenyen Gabriel,LAL,2,1,16.8,4.0,5.5,.727,0.5,0.5,1.000,0.0,0.0,,0.5,0.5,1.0,0.5,0.0,1.0,1.0,2.5,8.5,5.8
222,213,Blake Griffin,BOS,1,1,22.2,3.0,6.0,.500,1.0,3.0,.333,0.0,0.0,,1.0,5.0,6.0,0.0,0.0,0.0,0.0,1.0,7.0,5.8
223,214,Kenrich Williams,OKC,3,0,19.5,2.3,5.0,.467,0.3,1.0,.333,0.3,0.7,.500,0.7,2.7,3.3,1.7,1.0,0.0,0.0,0.7,5.3,5.8
224,215,Gorgui Dieng,SAS,1,0,9.0,1.0,4.0,.250,1.0,3.0,.333,3.0,4.0,.750,2.0,1.0,3.0,1.0,0.0,0.0,0.0,0.0,6.0,5.6
225,216,John Konchar,MEM,3,2,31.9,2.3,5.7,.412,0.7,2.7,.250,0.0,0.0,,1.3,6.7,8.0,1.3,0.7,0.0,0.3,2.3,5.3,5.6
226,217,Markieff Morris,BRK,1,0,20.4,2.0,6.0,.333,1.0,3.0,.333,0.0,0.0,,1.0,3.0,4.0,5.0,0.0,1.0,1.0,2.0,5.0,5.6
227,218,Mike Conley,UTA,3,3,31.7,1.7,8.3,.200,0.7,5.0,.133,1.3,1.3,1.000,0.3,2.3,2.7,8.3,1.7,0.0,2.0,2.7,5.3,5.5
228,219,Frank Kaminsky,ATL,1,0,13.3,3.0,3.0,1.000,0.0,0.0,,0.0,0.0,,0.0,3.0,3.0,1.0,0.0,0.0,0.0,3.0,6.0,5.5
229,220,Terance Mann,LAC,3,0,19.3,2.0,4.3,.462,0.0,1.7,.000,2.0,2.3,.857,0.0,3.3,3.3,2.3,0.0,0.3,0.3,1.7,6.0,5.5
231,221,Jeff Green,DEN,2,0,20.2,2.5,4.5,.556,0.0,0.5,.000,1.5,1.5,1.000,0.5,1.5,2.0,2.0,0.0,0.5,1.0,1.5,6.5,5.3
232,222,Troy Brown Jr.,LAL,2,2,29.4,2.5,6.5,.385,0.5,2.0,.250,0.0,0.0,,0.5,3.0,3.5,0.5,2.0,0.0,0.0,1.0,5.5,5.2
233,223,Montrezl Harrell,PHI,2,0,4.5,2.5,3.0,.833,0.0,0.0,,1.0,1.5,.667,1.0,1.0,2.0,0.0,0.5,0.5,1.0,1.0,6.0,5.2
234,224,Rudy Gay,UTA,2,0,15.4,2.0,3.5,.571,1.5,2.5,.600,0.0,0.0,,0.0,2.5,2.5,0.5,0.5,0.0,0.0,1.0,5.5,5.1
235,225,Luke Kornet,BOS,3,0,8.8,1.7,3.0,.556,0.0,0.0,,1.3,1.3,1.000,1.3,1.7,3.0,0.7,0.0,0.7,0.0,1.3,4.7,5.1
236,226,Tre Mann,OKC,2,0,15.6,3.0,8.0,.375,2.0,6.0,.333,0.0,0.0,,0.5,1.0,1.5,0.5,1.0,0.0,0.5,0.0,8.0,5.1
237,227,De'Anthony Melton,PHI,2,1,24.4,2.5,6.0,.417,0.5,2.0,.250,0.0,0.0,,3.0,5.0,8.0,1.5,0.0,0.5,2.0,0.5,5.5,5.1
238,228,Keegan Murray,SAC,3,3,24.9,3.7,8.3,.440,1.7,4.7,.357,0.0,0.0,,0.0,2.7,2.7,0.0,1.3,0.3,1.0,2.3,9.0,5.1
239,229,Georges Niang,PHI,3,0,18.8,1.7,5.0,.333,1.0,4.3,.231,1.7,1.7,1.000,0.3,0.7,1.0,1.3,0.7,1.3,0.3,1.7,6.0,5.1
240,230,Jusuf Nurki?,POR,1,1,15.0,4.0,9.0,.444,0.0,0.0,,1.0,2.0,.500,2.0,3.0,5.0,1.0,0.0,0.0,1.0,2.0,9.0,5.1
241,231,Terrence Ross,ORL,2,0,23.2,3.0,7.5,.400,1.5,3.5,.429,1.0,1.0,1.000,1.0,1.5,2.5,3.0,0.0,0.0,2.0,1.5,8.5,5.1
242,232,Jeff Dowtin,TOR,1,0,15.0,2.0,3.0,.667,0.0,1.0,.000,0.0,0.0,,2.0,2.0,4.0,2.0,0.0,1.0,1.0,2.0,4.0,5.0
243,233,Shake Milton,PHI,3,0,16.6,2.7,4.7,.571,0.0,0.7,.000,0.7,1.3,.500,0.7,2.3,3.0,2.0,0.0,0.3,1.0,1.0,6.0,4.9
244,234,KZ Okpala,SAC,1,0,12.4,1.0,1.0,1.000,0.0,0.0,,4.0,4.0,1.000,0.0,0.0,0.0,0.0,0.0,0.0,0.0,2.0,6.0,4.9
245,235,Walker Kessler,UTA,3,0,15.1,2.0,3.7,.545,0.0,0.0,,0.0,0.7,.000,3.0,3.7,6.7,0.3,0.3,1.3,1.3,1.3,4.0,4.8
246,236,Jock Landale,PHO,2,0,10.8,2.0,3.5,.571,0.0,1.0,.000,0.5,1.0,.500,2.0,2.5,4.5,0.0,0.0,0.0,0.0,0.0,4.5,4.8
247,237,David Roddy,MEM,3,0,16.1,2.7,5.3,.500,0.7,2.0,.333,0.3,0.7,.500,0.7,2.0,2.7,0.7,0.0,0.3,0.3,0.3,6.3,4.8
248,238,Simone Fontecchio,UTA,2,0,9.6,1.5,3.0,.500,1.5,2.5,.600,0.0,0.0,,1.0,1.0,2.0,1.0,0.0,0.5,0.5,0.0,4.5,4.6
249,239,Danuel House Jr.,PHI,3,0,17.9,1.7,2.7,.625,0.7,1.7,.400,0.7,1.0,.667,0.0,0.7,0.7,0.3,1.0,0.7,0.0,1.7,4.7,4.6
250,240,Damian Jones,LAL,1,0,7.4,2.0,2.0,1.000,0.0,0.0,,0.0,0.0,,0.0,2.0,2.0,0.0,1.0,0.0,0.0,1.0,4.0,4.6
252,241,Furkan Korkmaz,PHI,2,0,6.0,1.5,2.0,.750,0.0,0.0,,2.5,3.0,.833,0.0,0.5,0.5,0.5,0.0,0.0,0.0,1.0,5.5,4.6
253,242,Duncan Robinson,MIA,3,0,22.1,3.3,8.7,.385,1.3,6.0,.222,1.7,2.0,.833,0.0,0.3,0.3,1.0,0.3,0.0,1.0,1.3,9.7,4.4
254,243,Oshae Brissett,IND,1,0,14.9,3.0,6.0,.500,0.0,3.0,.000,2.0,2.0,1.000,1.0,2.0,3.0,0.0,0.0,0.0,2.0,0.0,8.0,4.3
255,244,Derrick Rose,NYK,3,0,15.4,2.7,6.3,.421,0.3,1.3,.250,1.3,1.3,1.000,0.0,0.7,0.7,3.0,0.0,0.0,1.3,0.7,7.0,4.3
256,245,Day'Ron Sharpe,BRK,3,0,5.9,1.0,2.0,.500,0.3,0.3,1.000,1.3,1.3,1.000,0.3,2.3,2.7,1.3,0.0,0.3,0.3,0.3,3.7,4.3
257,246,Max Christie,LAL,2,0,18.7,1.0,3.0,.333,1.0,2.5,.400,0.5,1.0,.500,0.0,6.5,6.5,0.5,0.5,0.0,0.0,0.5,3.5,4.2
258,247,Christian Koloko,TOR,3,1,15.5,1.3,2.3,.571,0.0,0.0,,1.3,1.3,1.000,2.0,0.7,2.7,0.7,0.3,0.3,0.7,1.7,4.0,4.2
259,248,Nassir Little,POR,3,0,17.3,2.7,5.3,.500,0.3,1.7,.200,1.3,1.7,.800,0.3,2.3,2.7,0.0,0.7,0.0,1.3,0.7,7.0,4.2
260,249,Alperen ?eng?n,HOU,2,2,24.2,4.5,8.5,.529,0.0,1.5,.000,2.0,3.0,.667,0.5,3.0,3.5,1.0,0.5,0.0,2.5,5.5,11.0,4.2
261,250,Ayo Dosunmu,CHI,1,1,29.6,3.0,9.0,.333,0.0,4.0,.000,1.0,2.0,.500,1.0,1.0,2.0,4.0,2.0,0.0,2.0,3.0,7.0,4.1
262,251,Chimezie Metu,SAC,3,0,15.0,3.0,5.7,.529,0.3,2.0,.167,0.3,0.7,.500,1.0,2.7,3.7,0.0,1.0,0.0,1.7,1.3,6.7,4.1
263,252,Isaac Okoro,CLE,2,0,23.7,2.0,4.5,.444,0.5,1.5,.333,1.5,2.5,.600,2.0,0.0,2.0,0.5,1.5,0.0,1.0,3.5,6.0,4.1
264,253,Jalen Suggs,ORL,2,2,30.9,4.0,11.0,.364,0.5,3.5,.143,0.5,0.5,1.000,0.5,3.5,4.0,6.0,0.5,0.5,3.5,4.5,9.0,4.1
265,254,Caleb Houstan,ORL,2,0,17.3,1.5,3.0,.500,1.5,3.0,.500,0.0,0.0,,1.0,2.0,3.0,0.5,0.0,0.0,0.5,0.5,4.5,4.0
266,255,Davion Mitchell,SAC,3,0,16.8,2.0,3.7,.545,0.7,2.0,.333,0.7,1.0,.667,0.3,0.0,0.3,1.3,0.0,0.3,0.3,1.3,5.3,4.0
267,256,Otto Porter Jr.,TOR,3,2,18.6,1.3,3.3,.400,0.3,1.7,.200,1.0,1.0,1.000,0.7,1.7,2.3,1.3,1.0,0.0,0.7,1.0,4.0,4.0
268,257,Jabari Walker,POR,2,0,8.1,1.5,3.0,.500,0.0,1.0,.000,1.5,2.0,.750,1.0,2.0,3.0,0.5,0.0,0.0,0.5,0.0,4.5,4.0
269,258,Moses Brown,LAC,2,0,3.7,1.0,1.0,1.000,0.0,0.0,,1.0,1.0,1.000,1.0,0.5,1.5,0.0,0.0,0.5,0.0,0.0,3.0,3.9
270,259,Richaun Holmes,SAC,1,0,6.5,2.0,2.0,1.000,1.0,1.0,1.000,0.0,0.0,,0.0,1.0,1.0,0.0,0.0,0.0,0.0,2.0,5.0,3.9
271,260,P.J. Washington,CHO,3,3,32.9,4.0,9.7,.414,0.3,2.7,.125,0.7,1.3,.500,1.0,3.0,4.0,1.7,0.3,0.3,1.7,3.7,9.0,3.8
273,261,Jamal Cain,MIA,1,0,1.6,1.0,1.0,1.000,1.0,1.0,1.000,0.0,0.0,,0.0,0.0,0.0,0.0,1.0,0.0,0.0,0.0,3.0,3.7
274,262,Joe Harris,BRK,3,3,27.6,2.3,6.7,.350,1.7,4.7,.357,0.7,1.0,.667,0.0,2.7,2.7,1.3,0.3,0.0,1.0,1.3,7.0,3.7
275,263,Alex Len,SAC,1,0,5.1,2.0,2.0,1.000,0.0,0.0,,0.0,0.0,,0.0,1.0,1.0,0.0,0.0,0.0,0.0,0.0,4.0,3.7
276,264,Kennedy Chandler,MEM,1,0,11.8,2.0,5.0,.400,1.0,3.0,.333,0.0,0.0,,1.0,2.0,3.0,2.0,0.0,0.0,1.0,1.0,5.0,3.6
277,265,Dyson Daniels,NOP,2,0,8.7,0.5,2.5,.200,0.5,1.5,.333,1.0,1.0,1.000,0.5,4.0,4.5,0.5,0.5,0.5,0.0,0.5,2.5,3.5
278,266,Luke Kennard,LAC,3,3,18.2,2.0,3.7,.545,1.3,2.7,.500,0.3,0.3,1.000,0.0,1.7,1.7,0.3,0.7,0.0,1.3,1.3,5.7,3.4
279,267,Kevon Harris,ORL,1,0,11.1,1.0,2.0,.500,1.0,1.0,1.000,0.0,0.0,,2.0,1.0,3.0,0.0,0.0,0.0,0.0,1.0,3.0,3.3
280,268,Dalen Terry,CHI,1,0,5.6,1.0,3.0,.333,1.0,1.0,1.000,2.0,2.0,1.000,0.0,0.0,0.0,2.0,0.0,0.0,1.0,1.0,5.0,3.3
281,269,Jalen Duren,DET,3,0,19.2,0.7,1.0,.667,0.0,0.0,,0.3,2.0,.167,1.7,7.0,8.7,0.3,0.7,0.3,1.0,2.0,1.7,3.2
282,270,AJ Griffin,ATL,3,0,14.5,2.3,5.3,.438,1.3,2.0,.667,0.3,0.3,1.000,0.3,1.3,1.7,0.7,0.3,0.0,1.3,1.0,6.3,3.2
283,271,Jonathan Kuminga,GSW,3,0,14.5,2.0,5.0,.400,1.0,2.0,.500,1.0,1.0,1.000,0.7,1.0,1.7,1.0,0.0,0.3,1.0,2.0,6.0,3.2
284,272,Trendon Watford,POR,3,0,16.2,1.3,2.3,.571,0.0,0.3,.000,0.7,0.7,1.000,0.3,2.7,3.0,1.7,1.3,0.0,1.3,3.0,3.3,3.2
285,273,Bismack Biyombo,PHO,2,0,8.1,1.5,3.0,.500,0.0,0.0,,0.5,0.5,1.000,0.5,1.0,1.5,0.5,0.5,1.0,0.5,1.5,3.5,3.1
286,274,Naji Marshall,NOP,3,0,15.6,1.0,3.7,.273,0.7,1.7,.400,0.7,0.7,1.000,0.3,3.0,3.3,2.0,0.3,0.0,0.7,0.7,3.3,3.1
287,275,Patty Mills,BRK,3,0,9.5,1.3,4.0,.333,1.0,3.0,.333,0.0,0.0,,0.7,0.7,1.3,1.0,0.3,0.0,0.0,0.0,3.7,3.1
288,276,Josh Richardson,SAS,3,0,24.2,2.3,9.7,.241,0.7,5.3,.125,1.7,2.0,.833,0.3,2.3,2.7,2.7,0.3,0.3,0.7,1.7,7.0,3.1
289,277,Sam Hauser,BOS,3,0,19.1,2.0,6.3,.316,1.3,5.7,.235,0.0,0.0,,0.0,2.3,2.3,0.7,0.3,1.0,0.3,1.3,5.3,3.0
290,278,Patrick Beverley,LAL,2,2,26.0,1.5,6.5,.231,0.5,3.5,.143,0.0,0.5,.000,0.5,3.0,3.5,4.0,1.0,0.5,0.5,3.5,3.5,2.9
291,279,DeAndre Jordan,DEN,2,0,13.1,1.5,2.0,.750,0.0,0.0,,0.0,0.5,.000,0.5,1.0,1.5,1.0,0.0,1.0,1.0,0.5,3.0,2.9
292,280,Royce O'Neale,BRK,3,3,32.0,2.0,7.7,.261,1.7,4.7,.357,1.3,2.0,.667,0.3,3.3,3.7,2.7,1.0,0.0,2.3,2.7,7.0,2.9
294,281,Robin Lopez,CLE,1,0,16.3,2.0,4.0,.500,0.0,0.0,,1.0,1.0,1.000,0.0,2.0,2.0,0.0,0.0,0.0,0.0,2.0,5.0,2.8
295,282,Matisse Thybulle,PHI,3,2,21.9,0.7,3.0,.222,0.3,2.0,.167,0.0,0.0,,0.3,2.3,2.7,0.7,2.3,0.3,0.3,1.7,1.7,2.8
296,283,Gary Trent Jr.,TOR,2,2,21.5,2.5,11.5,.217,0.0,3.5,.000,4.0,5.5,.727,0.5,1.0,1.5,0.5,1.0,0.5,0.5,1.0,9.0,2.8
297,284,Jalen Johnson,ATL,3,0,10.6,1.7,2.3,.714,0.0,0.3,.000,0.3,0.3,1.000,0.0,1.7,1.7,0.3,1.0,0.0,1.3,1.0,3.7,2.7
298,285,James Wiseman,GSW,1,0,9.2,1.0,3.0,.333,0.0,0.0,,0.0,0.0,,1.0,1.0,2.0,2.0,0.0,0.0,0.0,0.0,2.0,2.7
299,286,George Hill,MIL,2,0,26.8,0.5,5.0,.100,0.0,2.5,.000,2.5,3.0,.833,1.0,1.5,2.5,3.5,0.0,1.0,1.5,0.5,3.5,2.6
300,287,Sandro Mamukelashvili,MIL,2,0,5.0,1.0,2.5,.400,0.5,1.0,.500,0.0,0.0,,1.0,1.0,2.0,0.5,0.0,0.0,0.0,0.0,2.5,2.5
301,288,Daishen Nix,HOU,2,0,13.2,0.5,1.5,.333,0.5,1.5,.333,0.0,0.0,,0.0,2.5,2.5,3.0,0.5,0.0,1.5,0.0,1.5,2.5
302,289,P.J. Tucker,PHI,3,3,28.3,0.7,1.0,.667,0.3,0.7,.500,0.0,0.0,,0.3,3.0,3.3,1.0,1.0,0.3,1.0,2.0,1.7,2.5
303,290,Jonas Valan?i?nas,NOP,3,3,17.9,1.7,6.3,.263,0.7,1.0,.667,1.7,2.0,.833,1.7,4.3,6.0,1.3,0.3,0.0,1.7,3.3,5.7,2.5
304,291,Devonte' Graham,NOP,3,0,8.9,0.7,2.0,.333,0.3,1.3,.250,0.3,0.7,.500,0.0,0.3,0.3,1.3,0.7,0.0,0.0,0.0,2.0,2.4
305,292,Jaylen Nowell,MIN,2,0,13.0,2.0,6.5,.308,0.5,3.0,.167,1.0,1.0,1.000,0.0,0.5,0.5,1.5,0.5,0.0,0.5,1.5,5.5,2.4
306,293,Cedi Osman,CLE,2,0,24.2,2.0,7.0,.286,1.0,3.0,.333,2.0,4.0,.500,0.0,2.5,2.5,1.5,0.0,0.0,0.5,2.5,7.0,2.4
307,294,Juan Toscano-Anderson,LAL,2,0,7.5,1.5,2.0,.750,0.5,0.5,1.000,0.0,0.0,,0.5,1.0,1.5,0.5,0.5,0.0,1.0,2.0,3.5,2.4
308,295,Grayson Allen,MIL,1,1,9.6,0.0,2.0,.000,0.0,0.0,,2.0,2.0,1.000,1.0,0.0,1.0,0.0,1.0,0.0,0.0,0.0,2.0,2.3
309,296,Tony Bradley,CHI,1,0,3.4,0.0,0.0,,0.0,0.0,,2.0,2.0,1.000,0.0,1.0,1.0,0.0,0.0,0.0,0.0,0.0,2.0,2.3
310,297,T.J. McConnell,IND,1,0,17.9,1.0,3.0,.333,0.0,0.0,,0.0,0.0,,0.0,2.0,2.0,6.0,1.0,0.0,3.0,2.0,2.0,2.3
311,298,Jordan McLaughlin,MIN,2,0,11.1,0.5,2.5,.200,0.0,0.5,.000,0.0,0.0,,1.0,1.0,2.0,4.0,0.0,0.0,1.0,0.0,1.0,2.3
312,299,Ryan Rollins,GSW,1,0,8.1,2.0,3.0,.667,1.0,1.0,1.000,0.0,0.0,,0.0,2.0,2.0,1.0,0.0,0.0,2.0,2.0,5.0,2.2
313,300,Donte DiVincenzo,GSW,3,0,16.2,1.0,2.3,.429,0.7,2.0,.333,0.7,0.7,1.000,0.0,2.0,2.0,2.3,0.3,0.0,1.7,2.3,3.3,2.1
315,301,Jordan Hall,SAS,2,0,8.9,1.5,3.5,.429,0.0,1.0,.000,0.0,0.0,,0.5,1.0,1.5,2.0,0.5,0.0,1.0,1.5,3.0,2.1
316,302,Derrick Jones Jr.,CHI,1,0,15.0,2.0,4.0,.500,0.0,1.0,.000,0.0,0.0,,0.0,3.0,3.0,0.0,0.0,0.0,0.0,2.0,4.0,2.1
317,303,Isaiah Roby,SAS,3,0,10.5,1.7,4.3,.385,0.3,1.7,.200,0.7,1.7,.400,0.3,1.3,1.7,1.0,0.0,0.3,0.7,1.0,4.3,2.1
318,304,Kessler Edwards,BRK,3,0,5.9,0.7,1.7,.400,0.3,1.0,.333,0.3,0.7,.500,0.7,0.3,1.0,0.0,0.3,0.3,0.0,0.3,2.0,2.0
319,305,Cory Joseph,DET,2,1,8.3,1.0,2.5,.400,0.5,1.5,.333,1.0,1.5,.667,0.0,0.0,0.0,1.5,0.0,0.0,0.0,2.5,3.5,2.0
320,306,Nikola Vu?evi?,CHI,1,1,23.1,4.0,10.0,.400,1.0,3.0,.333,0.0,0.0,,0.0,6.0,6.0,0.0,0.0,0.0,3.0,1.0,9.0,2.0
321,307,Aaron Holiday,ATL,3,0,20.9,2.0,5.3,.375,0.3,2.0,.167,0.0,0.0,,0.0,1.7,1.7,1.0,1.0,0.0,0.3,3.3,4.3,1.9
322,308,Doug McDermott,SAS,3,0,21.2,2.7,7.0,.381,1.7,4.3,.385,0.7,1.0,.667,0.3,0.7,1.0,0.3,0.3,0.3,2.3,1.7,7.7,1.9
323,309,Admiral Schofield,ORL,1,0,10.9,1.0,3.0,.333,1.0,3.0,.333,0.0,0.0,,0.0,2.0,2.0,0.0,0.0,0.0,0.0,0.0,3.0,1.9
324,310,Jaylin Williams,OKC,1,0,8.2,1.0,2.0,.500,0.0,1.0,.000,0.0,0.0,,1.0,2.0,3.0,0.0,0.0,0.0,0.0,1.0,2.0,1.9
325,311,Josh Green,DAL,3,0,18.8,1.0,3.3,.300,0.3,2.0,.167,1.0,2.0,.500,0.7,0.3,1.0,0.3,1.0,0.0,0.3,1.7,3.3,1.8
326,312,Jaren Jackson Jr.,MEM,1,1,25.0,3.0,14.0,.214,0.0,7.0,.000,1.0,2.0,.500,2.0,4.0,6.0,0.0,0.0,5.0,2.0,1.0,7.0,1.7
327,313,Nikola Jovi?,MIA,1,0,1.6,1.0,1.0,1.000,1.0,1.0,1.000,0.0,0.0,,0.0,0.0,0.0,0.0,0.0,0.0,1.0,0.0,3.0,1.7
328,314,Zeke Nnaji,DEN,2,0,2.7,1.0,1.5,.667,0.0,0.5,.000,0.0,0.0,,0.5,0.5,1.0,0.0,0.5,0.0,0.5,0.5,2.0,1.7
329,315,Davon Reed,DEN,2,0,3.6,1.0,2.0,.500,1.0,1.0,1.000,0.0,0.0,,0.0,0.0,0.0,0.0,0.0,0.0,0.5,0.0,3.0,1.5
330,316,Matthew Dellavedova,SAC,1,0,7.7,0.0,2.0,.000,0.0,0.0,,0.0,0.0,,0.0,0.0,0.0,4.0,1.0,0.0,1.0,0.0,0.0,1.4
331,317,David Duke Jr.,BRK,3,0,7.2,1.3,2.3,.571,0.0,0.0,,0.0,0.0,,0.3,0.0,0.3,0.7,0.0,0.3,1.0,0.7,2.7,1.2
332,318,Isaiah Joe,OKC,3,0,9.9,1.3,3.0,.444,0.7,2.3,.286,0.3,1.0,.333,0.0,2.0,2.0,0.3,0.7,0.0,1.3,2.0,3.7,1.2
333,319,Kai Jones,CHO,2,0,1.8,0.5,0.5,1.000,0.0,0.0,,0.0,0.0,,0.0,0.0,0.0,0.0,0.0,0.5,0.0,0.0,1.0,1.2
334,320,Matt Ryan,LAL,1,0,6.5,1.0,3.0,.333,1.0,2.0,.500,0.0,0.0,,0.0,1.0,1.0,0.0,0.0,0.0,0.0,1.0,3.0,1.2
336,321,Robert Covington,LAC,2,0,12.0,1.0,3.0,.333,1.0,2.5,.400,0.5,1.0,.500,0.5,2.5,3.0,0.5,0.0,0.5,1.5,2.0,3.5,1.1
337,322,Udoka Azubuike,UTA,1,0,2.5,1.0,1.0,1.000,0.0,0.0,,0.0,0.0,,0.0,1.0,1.0,0.0,0.0,0.0,1.0,0.0,2.0,1.0
338,323,Alex Caruso,CHI,1,0,21.2,0.0,1.0,.000,0.0,1.0,.000,0.0,0.0,,0.0,0.0,0.0,2.0,3.0,1.0,3.0,1.0,0.0,1.0
339,324,JD Davison,BOS,1,0,2.0,0.0,0.0,,0.0,0.0,,0.0,0.0,,0.0,1.0,1.0,1.0,0.0,0.0,0.0,0.0,0.0,1.0
340,325,Trey Lyles,SAC,3,0,12.6,1.3,6.0,.222,1.0,4.7,.214,0.3,0.7,.500,1.3,0.7,2.0,0.7,0.0,0.0,0.7,0.7,4.0,0.9
341,326,Vlatko ?an?ar,DEN,2,0,2.4,0.5,1.0,.500,0.5,1.0,.500,0.0,0.0,,0.0,0.0,0.0,0.0,0.0,0.0,0.0,0.5,1.5,0.8
342,327,Maxi Kleber,DAL,3,0,18.0,1.0,4.0,.250,0.0,2.3,.000,0.0,0.0,,0.3,1.7,2.0,1.0,0.3,0.3,0.0,2.0,2.0,0.8
343,328,Noah Vonleh,BOS,3,0,7.9,0.0,0.7,.000,0.0,0.3,.000,0.7,0.7,1.000,1.0,1.3,2.3,0.7,0.0,0.0,0.3,1.7,0.7,0.8
344,329,James Bouknight,CHO,3,0,11.7,1.3,4.0,.333,0.3,2.3,.143,0.3,0.7,.500,0.0,1.0,1.0,0.0,0.0,0.3,0.3,1.0,3.3,0.7
345,330,Josh Christopher,HOU,2,0,8.2,1.5,4.5,.333,1.0,1.5,.667,0.0,0.0,,0.5,0.5,1.0,1.0,0.5,0.0,1.5,2.5,4.0,0.7
346,331,Justin Holiday,ATL,2,0,19.1,1.0,3.0,.333,1.0,2.5,.400,0.0,0.0,,0.5,3.0,3.5,0.5,0.0,0.5,2.0,1.5,3.0,0.7
347,332,Boban Marjanovi?,HOU,2,0,3.6,0.5,0.5,1.000,0.0,0.0,,0.0,0.0,,0.0,1.0,1.0,0.0,0.0,0.0,0.5,0.0,1.0,0.7
348,333,Wesley Matthews,MIL,2,0,17.3,0.0,4.0,.000,0.0,3.5,.000,1.0,1.0,1.000,0.0,1.0,1.0,0.5,1.5,1.0,0.0,1.0,1.0,0.7
349,334,Khem Birch,TOR,1,0,3.9,1.0,1.0,1.000,0.0,0.0,,0.0,0.0,,0.0,0.0,0.0,1.0,0.0,0.0,1.0,2.0,2.0,0.6
350,335,Garrison Mathews,HOU,1,0,4.3,0.0,1.0,.000,0.0,1.0,.000,0.0,0.0,,0.0,1.0,1.0,0.0,1.0,0.0,0.0,0.0,0.0,0.6
351,336,TyTy Washington Jr.,HOU,1,0,4.3,0.0,0.0,,0.0,0.0,,1.0,2.0,.500,0.0,0.0,0.0,0.0,0.0,0.0,0.0,0.0,1.0,0.6
352,337,Romeo Langford,SAS,1,0,17.3,2.0,5.0,.400,0.0,1.0,.000,0.0,0.0,,1.0,0.0,1.0,0.0,1.0,1.0,2.0,3.0,4.0,0.5
353,338,Anthony Gill,WAS,2,1,8.2,0.5,1.0,.500,0.0,0.0,,0.0,0.0,,0.0,1.0,1.0,0.5,0.0,0.0,0.0,2.0,1.0,0.4
354,339,Quentin Grimes,NYK,2,0,7.8,1.0,3.0,.333,0.5,2.5,.200,0.0,0.0,,0.5,0.5,1.0,0.0,0.0,0.0,0.5,1.5,2.5,0.2
355,340,Nickeil Alexander-Walker,UTA,1,0,2.5,0.0,0.0,,0.0,0.0,,0.0,0.0,,0.0,0.0,0.0,0.0,0.0,0.0,0.0,0.0,0.0,0.0
357,341,Facundo Campazzo,DAL,1,0,0.2,0.0,0.0,,0.0,0.0,,0.0,0.0,,0.0,0.0,0.0,0.0,0.0,0.0,0.0,0.0,0.0,0.0
358,342,Amir Coffey,LAC,3,0,10.5,0.3,1.3,.250,0.0,0.0,,0.7,0.7,1.000,0.3,0.0,0.3,1.0,0.0,0.0,0.7,2.0,1.3,0.0
359,343,Jarrett Culver,ATL,1,0,0.9,0.0,0.0,,0.0,0.0,,0.0,0.0,,0.0,0.0,0.0,0.0,0.0,0.0,0.0,0.0,0.0,0.0
360,344,Jaden Hardy,DAL,1,0,0.2,0.0,0.0,,0.0,0.0,,0.0,0.0,,0.0,0.0,0.0,0.0,0.0,0.0,0.0,0.0,0.0,0.0
361,345,Haywood Highsmith,MIA,1,0,1.7,0.0,0.0,,0.0,0.0,,0.0,0.0,,0.0,0.0,0.0,0.0,0.0,0.0,0.0,0.0,0.0,0.0
362,346,Vit Krejci,ATL,1,0,0.9,0.0,0.0,,0.0,0.0,,0.0,0.0,,0.0,0.0,0.0,0.0,0.0,0.0,0.0,0.0,0.0,0.0
363,347,Tyrese Martin,ATL,1,0,0.9,0.0,0.0,,0.0,0.0,,0.0,0.0,,0.0,0.0,0.0,0.0,0.0,0.0,0.0,0.0,0.0,0.0
364,348,Theo Pinson,DAL,1,0,0.2,0.0,0.0,,0.0,0.0,,0.0,0.0,,0.0,0.0,0.0,0.0,0.0,0.0,0.0,0.0,0.0,0.0
365,349,Terry Taylor,IND,1,0,0.2,0.0,0.0,,0.0,0.0,,0.0,0.0,,0.0,0.0,0.0,0.0,0.0,0.0,0.0,0.0,0.0,0.0
366,350,Josh Okogie,PHO,2,0,7.2,0.0,1.0,.000,0.0,0.5,.000,0.0,0.0,,0.0,1.0,1.0,0.5,0.5,0.5,0.5,1.0,0.0,-0.1
367,351,JaVale McGee,DAL,1,0,7.6,1.0,4.0,.250,0.0,0.0,,1.0,2.0,.500,1.0,2.0,3.0,0.0,0.0,1.0,2.0,1.0,3.0,-0.2
368,352,Thanasis Antetokounmpo,MIL,2,0,3.7,0.0,0.5,.000,0.0,0.0,,0.0,0.0,,0.5,1.0,1.5,0.0,0.0,0.0,0.5,0.5,0.0,-0.4
369,353,Vernon Carey Jr.,WAS,1,0,1.1,0.0,0.0,,0.0,0.0,,0.0,0.0,,0.0,0.0,0.0,0.0,0.0,0.0,0.0,1.0,0.0,-0.4
370,354,Jake LaRavia,MEM,2,0,19.0,0.5,4.5,.111,0.0,3.0,.000,0.0,0.0,,1.0,2.5,3.5,2.0,1.0,0.5,2.0,1.5,1.0,-0.4
371,355,Austin Rivers,MIN,1,0,0.4,0.0,0.0,,0.0,0.0,,0.0,0.0,,0.0,0.0,0.0,0.0,0.0,0.0,0.0,1.0,0.0,-0.4
372,356,JT Thor,CHO,2,0,4.0,0.5,2.5,.200,0.0,0.5,.000,0.0,0.0,,0.0,0.5,0.5,0.5,0.5,0.0,1.0,0.0,1.0,-0.6
373,357,Raul Neto,CLE,1,0,5.4,0.0,1.0,.000,0.0,0.0,,0.0,0.0,,0.0,0.0,0.0,0.0,0.0,0.0,0.0,0.0,0.0,-0.7
374,358,Paul Reed,PHI,3,0,7.3,0.0,1.7,.000,0.0,0.7,.000,0.0,0.0,,0.7,1.0,1.7,0.0,0.3,0.7,0.0,2.7,0.0,-0.7
375,359,Frank Ntilikina,DAL,1,0,4.1,0.0,3.0,.000,0.0,3.0,.000,0.0,0.0,,0.0,2.0,2.0,1.0,0.0,0.0,0.0,0.0,0.0,-0.8
376,360,Dario ?ari?,PHO,1,0,9.8,0.0,4.0,.000,0.0,2.0,.000,0.0,0.0,,1.0,2.0,3.0,1.0,0.0,0.0,0.0,0.0,0.0,-0.8
378,361,Evan Fournier,NYK,2,0,15.9,0.0,5.0,.000,0.0,3.0,.000,1.5,2.0,.750,0.5,0.5,1.0,1.5,0.5,0.0,0.5,0.5,1.5,-0.9
379,362,Javonte Green,CHI,1,0,8.0,0.0,1.0,.000,0.0,0.0,,0.0,0.0,,1.0,0.0,1.0,0.0,0.0,0.0,1.0,0.0,0.0,-1.0
380,363,Mamadi Diakite,CLE,1,0,2.6,0.0,2.0,.000,0.0,2.0,.000,0.0,0.0,,0.0,0.0,0.0,0.0,0.0,0.0,0.0,1.0,0.0,-1.8
381,364,Kendrick Nunn,LAL,1,0,10.6,0.0,4.0,.000,0.0,3.0,.000,0.0,0.0,,0.0,1.0,1.0,2.0,0.0,0.0,0.0,2.0,0.0,-1.9
